0.0051962,0.20514,1,1,1.2248,0.22476
0.0051962,0.82054,2,1.9999,2.4495,0.44961
0.0051962,1.8462,3,2.9996,3.6742,0.67462
0.0051962,3.2822,4,3.9989,4.8987,0.89987
0.0051962,5.1284,5,4.9977,6.1232,1.1254
0.0051962,7.3849,6,5.996,7.3474,1.3514
0.0051962,10.052,7,6.9936,8.5715,1.5779
0.0051962,13.129,8,7.9903,9.7953,1.8049
0.0051962,16.616,9,8.9862,11.019,2.0326
0.0051962,20.514,10,9.981,12.242,2.261
0.0051962,24.821,11,10.975,13.465,2.4903
0.0051962,29.54,12,11.967,14.687,2.7204
0.0051962,34.668,13,12.958,15.909,2.9515
0.0051962,40.207,14,13.947,17.131,3.1836
0.0051962,46.156,15,14.935,18.352,3.4169
0.0051962,52.515,16,15.922,19.573,3.6514
0.0051962,59.284,17,16.906,20.793,3.8872
0.0051962,66.464,18,17.888,22.013,4.1243
0.0051962,74.054,19,18.869,23.231,4.3629
0.0051962,82.054,20,19.847,24.45,4.603
0.0051962,90.465,21,20.823,25.667,4.8447
0.0051962,99.286,22,21.796,26.884,5.0881
0.0051962,108.52,23,22.767,28.1,5.3332
0.0051962,118.16,24,23.735,29.315,5.5802
0.0051962,128.21,25,24.701,30.53,5.8291
0.0051962,138.67,26,25.664,31.744,6.08
0.0051962,149.54,27,26.623,32.956,6.3329
0.0051962,160.83,28,27.58,34.168,6.588
0.0051962,172.52,29,28.534,35.379,6.8452
0.0051962,184.62,30,29.484,36.589,7.1048
0.0051962,197.14,31,30.431,37.798,7.3666
0.0051962,210.06,32,31.375,39.005,7.631
0.0051962,223.39,33,32.314,40.212,7.8978
0.0051962,237.14,34,33.251,41.418,8.1671
0.0051962,251.29,35,34.183,42.622,8.4391
0.0051962,265.86,36,35.112,43.825,8.7138
0.0051962,280.83,37,36.036,45.027,8.9912
0.0051962,296.22,38,36.957,46.228,9.2715
0.0051962,312.01,39,37.873,47.428,9.5547
0.0051962,328.22,40,38.785,48.626,9.8408
0.0051962,344.83,41,39.693,49.823,10.13
0.0051962,361.86,42,40.596,51.018,10.422
0.0051962,379.3,43,41.494,52.212,10.718
0.0051962,397.14,44,42.388,53.404,11.016
0.0051962,415.4,45,43.278,54.595,11.318
0.0051962,434.07,46,44.162,55.785,11.623
0.0051962,453.15,47,45.041,56.973,11.932
0.0051962,472.63,48,45.916,58.159,12.243
0.0051962,492.53,49,46.785,59.344,12.559
0.0051962,512.84,50,47.649,60.527,12.878
0.0051962,533.56,51,48.508,61.708,13.2
0.0051962,554.69,52,49.362,62.888,13.526
0.0051962,576.23,53,50.21,64.066,13.856
0.0051962,598.18,54,51.053,65.242,14.189
0.0051962,620.54,55,51.89,66.416,14.526
0.0051962,643.31,56,52.722,67.589,14.867
0.0051962,666.49,57,53.548,68.759,15.212
0.0051962,690.08,58,54.368,69.928,15.56
0.0051962,714.08,59,55.182,71.095,15.913
0.0051962,738.49,60,55.99,72.259,16.269
0.0051962,763.31,61,56.793,73.422,16.629
0.0051962,788.54,62,57.589,74.583,16.993
0.0051962,814.18,63,58.38,75.741,17.362
0.0051962,840.24,64,59.164,76.898,17.734
0.0051962,866.7,65,59.942,78.052,18.11
0.0051962,893.57,66,60.714,79.204,18.49
0.0051962,920.85,67,61.479,80.354,18.874
0.0051962,948.55,68,62.238,81.501,19.263
0.0051962,976.65,69,62.991,82.646,19.655
0.0051962,1005.2,70,63.738,83.789,20.051
0.0051962,1034.1,71,64.478,84.929,20.452
0.0051962,1063.4,72,65.211,86.068,20.856
0.0051962,1093.2,73,65.938,87.203,21.265
0.0051962,1123.3,74,66.659,88.336,21.677
0.0051962,1153.9,75,67.373,89.467,22.094
0.0051962,1184.9,76,68.08,90.595,22.514
0.0051962,1216.3,77,68.781,91.72,22.939
0.0051962,1248,78,69.475,92.843,23.368
0.0051962,1280.3,79,70.163,93.963,23.8
0.0051962,1312.9,80,70.843,95.08,24.237
0.0051962,1345.9,81,71.517,96.195,24.677
0.0051962,1379.3,82,72.185,97.306,25.121
0.0051962,1413.2,83,72.846,98.415,25.57
0.0051962,1447.4,84,73.499,99.521,26.021
0.0051962,1482.1,85,74.147,100.62,26.477
0.0051962,1517.2,86,74.787,101.72,26.937
0.0051962,1552.7,87,75.421,102.82,27.4
0.0051962,1588.6,88,76.048,103.91,27.866
0.0051962,1624.9,89,76.669,105.01,28.336
0.0051962,1661.6,90,77.282,106.09,28.81
0.0051962,1698.7,91,77.89,107.18,29.287
0.0051962,1736.3,92,78.49,108.26,29.768
0.0051962,1774.2,93,79.084,109.34,30.252
0.0051962,1812.6,94,79.671,110.41,30.739
0.0051962,1851.4,95,80.251,111.48,31.229
0.0051962,1890.5,96,80.825,112.55,31.723
0.0051962,1930.1,97,81.392,113.61,32.219
0.0051962,1970.1,98,81.953,114.67,32.718
0.0051962,2010.5,99,82.507,115.73,33.22
0.0051962,2051.4,100,83.055,116.78,33.725
0.0051962,2092.6,101,83.596,117.83,34.232
0.0051962,2134.2,102,84.131,118.87,34.742
0.0051962,2176.3,103,84.659,119.91,35.255
0.0051962,2218.7,104,85.181,120.95,35.769
0.0051962,2261.6,105,85.697,121.98,36.286
0.0051962,2304.9,106,86.207,123.01,36.805
0.0051962,2348.6,107,86.71,124.04,37.325
0.0051962,2392.7,108,87.207,125.05,37.848
0.0051962,2437.2,109,87.698,126.07,38.372
0.0051962,2482.1,110,88.182,127.08,38.898
0.0051962,2527.5,111,88.661,128.09,39.425
0.0051962,2573.2,112,89.134,129.09,39.953
0.0051962,2619.4,113,89.6,130.08,40.482
0.0051962,2665.9,114,90.061,131.07,41.012
0.0051962,2712.9,115,90.516,132.06,41.543
0.0051962,2760.3,116,90.965,133.04,42.074
0.0051962,2808.1,117,91.408,134.01,42.606
0.0051962,2856.3,118,91.845,134.98,43.137
0.0051962,2904.9,119,92.277,135.95,43.668
0.0051962,2954,120,92.703,136.9,44.199
0.0051962,3003.4,121,93.124,137.85,44.729
0.0051962,3053.2,122,93.539,138.8,45.259
0.0051962,3103.5,123,93.948,139.73,45.786
0.0051962,3154.2,124,94.353,140.67,46.313
0.0051962,3205.2,125,94.751,141.59,46.837
0.0051962,3256.7,126,95.145,142.5,47.359
0.0051962,3308.6,127,95.533,143.41,47.879
0.0051962,3360.9,128,95.916,144.31,48.395
0.0051962,3413.7,129,96.295,145.2,48.907
0.0051962,3466.8,130,96.668,146.08,49.416
0.0051962,3520.3,131,97.035,146.95,49.919
0.0051962,3574.3,132,97.399,147.82,50.417
0.0051962,3628.6,133,97.757,148.66,50.908
0.0051962,3683.4,134,98.11,149.5,51.392
0.0051962,3738.6,135,98.459,150.33,51.867
0.0051962,3794.2,136,98.802,151.13,52.332
0.0051962,3850.2,137,99.142,151.93,52.786
0.0051962,3906.6,138,99.476,152.7,53.225
0.0051962,3963.4,139,99.806,153.45,53.648
0.0051962,4020.7,140,100.13,154.18,54.05
0.0051962,4078.3,141,100.45,154.88,54.427
0.0051962,4136.4,142,100.77,155.54,54.771
0.0051962,4194.8,143,101.08,156.15,55.068
0.0051962,4253.7,144,101.39,156.69,55.296
0.0051962,4313,145,101.69,157.1,55.402
0.0051962,4372.7,146,101.99,157.22,55.223
0.0051962,4432.8,147,102.29,157.22,54.927
0.0051962,4493.3,148,102.58,157.22,54.635
0.0051962,4554.2,149,102.87,157.22,54.347
0.0051962,4615.6,150,103.15,157.22,54.064
0.0051962,4677.3,151,103.43,157.22,53.784
0.0051962,4739.5,152,103.71,157.22,53.508
0.0051962,4802,153,103.98,157.22,53.235
0.0051962,4865,154,104.25,157.22,52.966
0.0051962,4928.4,155,104.52,157.22,52.701
0.0051962,4992.2,156,104.78,157.22,52.44
0.0051962,5056.4,157,105.03,157.22,52.182
0.0051962,5121,158,105.29,157.22,51.928
0.0051962,5186,159,105.54,157.22,51.677
0.0051962,5251.5,160,105.79,157.22,51.429
0.0051962,5317.3,161,106.03,157.22,51.185
0.0051962,5383.6,162,106.27,157.22,50.944
0.0051962,5450.3,163,106.51,157.22,50.707
0.0051962,5517.3,164,106.74,157.22,50.472
0.0051962,5584.8,165,106.98,157.22,50.241
0.0051962,5652.7,166,107.2,157.22,50.013
0.0051962,5721,167,107.43,157.22,49.788
0.0051962,5789.8,168,107.65,157.22,49.566
0.0051962,5858.9,169,107.87,157.22,49.347
0.0051962,5928.4,170,108.09,157.22,49.131
0.0051962,5998.4,171,108.3,157.22,48.917
0.0051962,6068.7,172,108.51,157.22,48.707
0.0051962,6139.5,173,108.72,157.22,48.5
0.0051962,6210.7,174,108.92,157.22,48.295
0.0051962,6282.3,175,109.12,157.22,48.093
0.0051962,6354.3,176,109.32,157.22,47.893
0.0051962,6426.7,177,109.52,157.22,47.696
0.0051962,6499.5,178,109.71,157.22,47.502
0.0051962,6572.8,179,109.91,157.22,47.311
0.0051962,6646.4,180,110.1,157.22,47.122
0.0051962,6720.5,181,110.28,157.22,46.935
0.0051962,6794.9,182,110.47,157.22,46.751
0.0051962,6869.8,183,110.65,157.22,46.569
0.0051962,6945.1,184,110.83,157.22,46.39
0.0051962,7020.8,185,111,157.22,46.213
0.0051962,7096.9,186,111.18,157.22,46.038
0.0051962,7173.4,187,111.35,157.22,45.866
0.0051962,7250.3,188,111.52,157.22,45.696
0.0051962,7327.7,189,111.69,157.22,45.528
0.0051962,7405.4,190,111.86,157.22,45.362
0.0051962,7483.6,191,112.02,157.22,45.198
0.0051962,7562.1,192,112.18,157.22,45.036
0.0051962,7641.1,193,112.34,157.22,44.877
0.0051962,7720.5,194,112.5,157.22,44.719
0.0051962,7800.3,195,112.65,157.22,44.564
0.0051962,7880.5,196,112.81,157.22,44.41
0.0051962,7961.1,197,112.96,157.22,44.259
0.0051962,8042.1,198,113.11,157.22,44.109
0.0051962,8123.6,199,113.26,157.22,43.962
0.0051962,8205.4,200,113.4,157.22,43.816
0.0051962,8287.7,201,113.55,157.22,43.672
0.0051962,8370.4,202,113.69,157.22,43.529
0.0051962,8453.4,203,113.83,157.22,43.389
0.0051962,8536.9,204,113.97,157.22,43.25
0.0051962,8620.8,205,114.1,157.22,43.113
0.0051962,8705.1,206,114.24,157.22,42.978
0.0051962,8789.9,207,114.37,157.22,42.844
0.0051962,8875,208,114.5,157.22,42.712
0.0051962,8960.5,209,114.63,157.22,42.582
0.0051962,9046.5,210,114.76,157.22,42.453
0.0051962,9132.9,211,114.89,157.22,42.326
0.0051962,9219.6,212,115.02,157.22,42.2
0.0051962,9306.8,213,115.14,157.22,42.076
0.0051962,9394.4,214,115.26,157.22,41.954
0.0051962,9482.4,215,115.38,157.22,41.833
0.0051962,9570.8,216,115.5,157.22,41.713
0.0051962,9659.6,217,115.62,157.22,41.595
0.0051962,9748.9,218,115.74,157.22,41.478
0.0051962,9838.5,219,115.85,157.22,41.363
0.0051962,9928.6,220,115.97,157.22,41.249
0.0051962,10019,221,116.08,157.22,41.136
0.0051962,10110,222,116.19,157.22,41.025
0.0051962,10201,223,116.3,157.22,40.915
0.0051962,10293,224,116.41,157.22,40.806
0.0051962,10385,225,116.52,157.22,40.699
0.0051962,10478,226,116.62,157.22,40.593
0.0051962,10570,227,116.73,157.22,40.488
0.0051962,10664,228,116.83,157.22,40.384
0.0051962,10758,229,116.94,157.22,40.282
0.0051962,10852,230,117.04,157.22,40.18
0.0051962,10946,231,117.14,157.22,40.08
0.0051962,11041,232,117.24,157.22,39.981
0.0051962,11137,233,117.33,157.22,39.883
0.0051962,11232,234,117.43,157.22,39.787
0.0051962,11329,235,117.53,157.22,39.691
0.0051962,11425,236,117.62,157.22,39.597
0.0051962,11522,237,117.71,157.22,39.503
0.0051962,11620,238,117.81,157.22,39.411
0.0051962,11718,239,117.9,157.22,39.32
0.0051962,11816,240,117.99,157.22,39.229
0.0051962,11914,241,118.08,157.22,39.14
0.0051962,12014,242,118.17,157.22,39.052
0.0051962,12113,243,118.25,157.22,38.964
0.0051962,12213,244,118.34,157.22,38.878
0.0051962,12313,245,118.42,157.22,38.793
0.0051962,12414,246,118.51,157.22,38.708
0.0051962,12515,247,118.59,157.22,38.625
0.0051962,12617,248,118.67,157.22,38.542
0.0051962,12719,249,118.76,157.22,38.461
0.0051962,12821,250,118.84,157.22,38.38
0.0051962,12924,251,118.92,157.22,38.3
0.0051962,13027,252,119,157.22,38.221
0.0051962,13131,253,119.07,157.22,38.143
0.0051962,13235,254,119.15,157.22,38.066
0.0051962,13339,255,119.23,157.22,37.989
0.0051962,13444,256,119.3,157.22,37.913
0.0051962,13549,257,119.38,157.22,37.839
0.0051962,13655,258,119.45,157.22,37.765
0.0051962,13761,259,119.53,157.22,37.691
0.0051962,13867,260,119.6,157.22,37.619
0.0051962,13974,261,119.67,157.22,37.547
0.0051962,14081,262,119.74,157.22,37.476
0.0051962,14189,263,119.81,157.22,37.406
0.0051962,14297,264,119.88,157.22,37.337
0.0051962,14406,265,119.95,157.22,37.268
0.0051962,14515,266,120.02,157.22,37.2
0.0051962,14624,267,120.08,157.22,37.132
0.0051962,14734,268,120.15,157.22,37.066
0.0051962,14844,269,120.22,157.22,37
0.0051962,14954,270,120.28,157.22,36.935
0.0051962,15065,271,120.35,157.22,36.87
0.0051962,15177,272,120.41,157.22,36.806
0.0051962,15289,273,120.47,157.22,36.743
0.0051962,15401,274,120.54,157.22,36.68
0.0051962,15513,275,120.6,157.22,36.618
0.0051962,15626,276,120.66,157.22,36.557
0.0051962,15740,277,120.72,157.22,36.496
0.0051962,15854,278,120.78,157.22,36.436
0.0051962,15968,279,120.84,157.22,36.377
0.0051962,16083,280,120.9,157.22,36.318
0.0051962,16198,281,120.96,157.22,36.26
0.0051962,16313,282,121.02,157.22,36.202
0.0051962,16429,283,121.07,157.22,36.145
0.0051962,16545,284,121.13,157.22,36.088
0.0051962,16662,285,121.18,157.22,36.032
0.0051962,16779,286,121.24,157.22,35.977
0.0051962,16897,287,121.3,157.22,35.922
0.0051962,17015,288,121.35,157.22,35.867
0.0051962,17133,289,121.4,157.22,35.813
0.0051962,17252,290,121.46,157.22,35.76
0.0051962,17371,291,121.51,157.22,35.707
0.0051962,17491,292,121.56,157.22,35.655
0.0051962,17611,293,121.61,157.22,35.603
0.0051962,17731,294,121.67,157.22,35.552
0.0051962,17852,295,121.72,157.22,35.501
0.0051962,17973,296,121.77,157.22,35.451
0.0051962,18095,297,121.82,157.22,35.401
0.0051962,18217,298,121.87,157.22,35.352
0.0051962,18339,299,121.91,157.22,35.303
0.0051962,18462,300,121.96,157.22,35.254
0.0051962,18586,301,122.01,157.22,35.206
0.0051962,18709,302,122.06,157.22,35.159
0.0051962,18833,303,122.11,157.22,35.112
0.0051962,18958,304,122.15,157.22,35.065
0.0051962,19083,305,122.2,157.22,35.019
0.0051962,19208,306,122.24,157.22,34.973
0.0051962,19334,307,122.29,157.22,34.928
0.0051962,19460,308,122.33,157.22,34.883
0.0051962,19587,309,122.38,157.22,34.838
0.0051962,19714,310,122.42,157.22,34.794
0.0051962,19841,311,122.47,157.22,34.75
0.0051962,19969,312,122.51,157.22,34.707
0.0051962,20097,313,122.55,157.22,34.664
0.0051962,20226,314,122.6,157.22,34.622
0.0051962,20355,315,122.64,157.22,34.58
0.0051962,20484,316,122.68,157.22,34.538
0.0051962,20614,317,122.72,157.22,34.496
0.0051962,20744,318,122.76,157.22,34.455
0.0051962,20875,319,122.8,157.22,34.415
0.0051962,21006,320,122.84,157.22,34.375
0.0051962,21137,321,122.88,157.22,34.335
0.0051962,21269,322,122.92,157.22,34.295
0.0051962,21402,323,122.96,157.22,34.256
0.0051962,21534,324,123,157.22,34.217
0.0051962,21667,325,123.04,157.22,34.179
0.0051962,21801,326,123.08,157.22,34.14
0.0051962,21935,327,123.11,157.22,34.103
0.0051962,22069,328,123.15,157.22,34.065
0.0051962,22204,329,123.19,157.22,34.028
0.0051962,22339,330,123.23,157.22,33.991
0.0051962,22475,331,123.26,157.22,33.955
0.0051962,22611,332,123.3,157.22,33.918
0.0051962,22747,333,123.33,157.22,33.882
0.0051962,22884,334,123.37,157.22,33.847
0.0051962,23021,335,123.41,157.22,33.812
0.0051962,23159,336,123.44,157.22,33.777
0.0051962,23297,337,123.48,157.22,33.742
0.0051962,23436,338,123.51,157.22,33.708
0.0051962,23574,339,123.54,157.22,33.673
0.0051962,23714,340,123.58,157.22,33.64
0.0051962,23853,341,123.61,157.22,33.606
0.0051962,23994,342,123.64,157.22,33.573
0.0051962,24134,343,123.68,157.22,33.54
0.0051962,24275,344,123.71,157.22,33.507
0.0051962,24416,345,123.74,157.22,33.475
0.0051962,24558,346,123.77,157.22,33.443
0.0051962,24700,347,123.81,157.22,33.411
0.0051962,24843,348,123.84,157.22,33.379
0.0051962,24986,349,123.87,157.22,33.348
0.0051962,25129,350,123.9,157.22,33.317
0.0051962,25273,351,123.93,157.22,33.286
0.0051962,25417,352,123.96,157.22,33.255
0.0051962,25562,353,123.99,157.22,33.225
0.0051962,25707,354,124.02,157.22,33.195
0.0051962,25852,355,124.05,157.22,33.165
0.0051962,25998,356,124.08,157.22,33.136
0.0051962,26144,357,124.11,157.22,33.106
0.0051962,26291,358,124.14,157.22,33.077
0.0051962,26438,359,124.17,157.22,33.048
0.0051962,26586,360,124.2,157.22,33.02
0.0051962,26734,361,124.23,157.22,32.991
0.0051962,26882,362,124.25,157.22,32.963
0.0051962,27031,363,124.28,157.22,32.935
0.0051962,27180,364,124.31,157.22,32.908
0.0051962,27329,365,124.34,157.22,32.88
0.0051962,27479,366,124.36,157.22,32.853
0.0051962,27630,367,124.39,157.22,32.826
0.0051962,27780,368,124.42,157.22,32.799
0.0051962,27932,369,124.44,157.22,32.772
0.0051962,28083,370,124.47,157.22,32.746
0.0051962,28235,371,124.5,157.22,32.72
0.0051962,28388,372,124.52,157.22,32.693
0.0051962,28540,373,124.55,157.22,32.668
0.0051962,28694,374,124.57,157.22,32.642
0.0051962,28847,375,124.6,157.22,32.617
0.0051962,29001,376,124.63,157.22,32.591
0.0051962,29156,377,124.65,157.22,32.566
0.0051962,29311,378,124.68,157.22,32.542
0.0051962,29466,379,124.7,157.22,32.517
0.0051962,29622,380,124.72,157.22,32.492
0.0051962,29778,381,124.75,157.22,32.468
0.0051962,29934,382,124.77,157.22,32.444
0.0051962,30091,383,124.8,157.22,32.42
0.0051962,30249,384,124.82,157.22,32.397
0.0051962,30406,385,124.84,157.22,32.373
0.0051962,30564,386,124.87,157.22,32.35
0.0051962,30723,387,124.89,157.22,32.326
0.0051962,30882,388,124.91,157.22,32.303
0.0051962,31041,389,124.94,157.22,32.281
0.0051962,31201,390,124.96,157.22,32.258
0.0051962,31361,391,124.98,157.22,32.235
0.0051962,31522,392,125,157.22,32.213
0.0051962,31683,393,125.03,157.22,32.191
0.0051962,31844,394,125.05,157.22,32.169
0.0051962,32006,395,125.07,157.22,32.147
0.0051962,32169,396,125.09,157.22,32.125
0.0051962,32331,397,125.11,157.22,32.104
0.0051962,32494,398,125.13,157.22,32.083
0.0051962,32658,399,125.16,157.22,32.061
0.0051962,32822,400,125.18,157.22,32.04
0.0051962,32986,401,125.2,157.22,32.019
0.0051962,33151,402,125.22,157.22,31.999
0.0051962,33316,403,125.24,157.22,31.978
0.0051962,33481,404,125.26,157.22,31.958
0.0051962,33647,405,125.28,157.22,31.937
0.0051962,33814,406,125.3,157.22,31.917
0.0051962,33981,407,125.32,157.22,31.897
0.0051962,34148,408,125.34,157.22,31.877
0.0051962,34315,409,125.36,157.22,31.858
0.0051962,34483,410,125.38,157.22,31.838
0.0051962,34652,411,125.4,157.22,31.819
0.0051962,34821,412,125.42,157.22,31.799
0.0051962,34990,413,125.44,157.22,31.78
0.0051962,35159,414,125.46,157.22,31.761
0.0051962,35330,415,125.47,157.22,31.742
0.0051962,35500,416,125.49,157.22,31.724
0.0051962,35671,417,125.51,157.22,31.705
0.0051962,35842,418,125.53,157.22,31.686
0.0051962,36014,419,125.55,157.22,31.668
0.0051962,36186,420,125.57,157.22,31.65
0.0051962,36358,421,125.59,157.22,31.632
0.0051962,36531,422,125.6,157.22,31.614
0.0051962,36705,423,125.62,157.22,31.596
0.0051962,36879,424,125.64,157.22,31.578
0.0051962,37053,425,125.66,157.22,31.561
0.0051962,37227,426,125.67,157.22,31.543
0.0051962,37402,427,125.69,157.22,31.526
0.0051962,37578,428,125.71,157.22,31.509
0.0051962,37753,429,125.73,157.22,31.491
0.0051962,37930,430,125.74,157.22,31.474
0.0051962,38106,431,125.76,157.22,31.457
0.0051962,38283,432,125.78,157.22,31.441
0.0051962,38461,433,125.79,157.22,31.424
0.0051962,38639,434,125.81,157.22,31.407
0.0051962,38817,435,125.83,157.22,31.391
0.0051962,38996,436,125.84,157.22,31.375
0.0051962,39175,437,125.86,157.22,31.359
0.0051962,39354,438,125.87,157.22,31.342
0.0051962,39534,439,125.89,157.22,31.326
0.0051962,39714,440,125.91,157.22,31.31
0.0051962,39895,441,125.92,157.22,31.295
0.0051962,40076,442,125.94,157.22,31.279
0.0051962,40258,443,125.95,157.22,31.263
0.0051962,40440,444,125.97,157.22,31.248
0.0051962,40622,445,125.98,157.22,31.233
0.0051962,40805,446,126,157.22,31.217
0.0051962,40988,447,126.01,157.22,31.202
0.0051962,41172,448,126.03,157.22,31.187
0.0051962,41356,449,126.04,157.22,31.172
0.0051962,41540,450,126.06,157.22,31.157
0.0051962,41725,451,126.07,157.22,31.142
0.0051962,41910,452,126.09,157.22,31.128
0.0051962,42096,453,126.1,157.22,31.113
0.0051962,42282,454,126.12,157.22,31.099
0.0051962,42468,455,126.13,157.22,31.084
0.0051962,42655,456,126.15,157.22,31.07
0.0051962,42842,457,126.16,157.22,31.056
0.0051962,43030,458,126.18,157.22,31.042
0.0051962,43218,459,126.19,157.22,31.028
0.0051962,43407,460,126.2,157.22,31.014
0.0051962,43596,461,126.22,157.22,31
0.0051962,43785,462,126.23,157.22,30.986
0.0051962,43975,463,126.24,157.22,30.972
0.0051962,44165,464,126.26,157.22,30.959
0.0051962,44356,465,126.27,157.22,30.945
0.0051962,44546,466,126.29,157.22,30.932
0.0051962,44738,467,126.3,157.22,30.919
0.0051962,44930,468,126.31,157.22,30.905
0.0051962,45122,469,126.32,157.22,30.892
0.0051962,45315,470,126.34,157.22,30.879
0.0051962,45508,471,126.35,157.22,30.866
0.0051962,45701,472,126.36,157.22,30.853
0.0051962,45895,473,126.38,157.22,30.84
0.0051962,46089,474,126.39,157.22,30.827
0.0051962,46284,475,126.4,157.22,30.815
0.0051962,46479,476,126.41,157.22,30.802
0.0051962,46674,477,126.43,157.22,30.79
0.0051962,46870,478,126.44,157.22,30.777
0.0051962,47067,479,126.45,157.22,30.765
0.0051962,47263,480,126.46,157.22,30.753
0.0051962,47460,481,126.48,157.22,30.74
0.0051962,47658,482,126.49,157.22,30.728
0.0051962,47856,483,126.5,157.22,30.716
0.0051962,48054,484,126.51,157.22,30.704
0.0051962,48253,485,126.52,157.22,30.692
0.0051962,48452,486,126.54,157.22,30.68
0.0051962,48652,487,126.55,157.22,30.669
0.0051962,48852,488,126.56,157.22,30.657
0.0051962,49052,489,126.57,157.22,30.645
0.0051962,49253,490,126.58,157.22,30.634
0.0051962,49454,491,126.59,157.22,30.622
0.0051962,49656,492,126.61,157.22,30.611
0.0051962,49858,493,126.62,157.22,30.599
0.0051962,50061,494,126.63,157.22,30.588
0.0051962,50263,495,126.64,157.22,30.577
0.0051962,50467,496,126.65,157.22,30.566
0.0051962,50670,497,126.66,157.22,30.555
0.0051962,50875,498,126.67,157.22,30.544
0.0051962,51079,499,126.68,157.22,30.533
0.0051962,51284,500,126.7,157.22,30.522
0.0051962,51489,501,126.71,157.22,30.511
0.0051962,51695,502,126.72,157.22,30.5
0.0051962,51901,503,126.73,157.22,30.49
0.0051962,52108,504,126.74,157.22,30.479
0.0051962,52315,505,126.75,157.22,30.468
0.0051962,52522,506,126.76,157.22,30.458
0.0051962,52730,507,126.77,157.22,30.447
0.0051962,52938,508,126.78,157.22,30.437
0.0051962,53147,509,126.79,157.22,30.427
0.0051962,53356,510,126.8,157.22,30.416
0.0051962,53565,511,126.81,157.22,30.406
0.0051962,53775,512,126.82,157.22,30.396
0.0051962,53985,513,126.83,157.22,30.386
0.0051962,54196,514,126.84,157.22,30.376
0.0051962,54407,515,126.85,157.22,30.366
0.0051962,54619,516,126.86,157.22,30.356
0.0051962,54831,517,126.87,157.22,30.346
0.0051962,55043,518,126.88,157.22,30.336
0.0051962,55256,519,126.89,157.22,30.327
0.0051962,55469,520,126.9,157.22,30.317
0.0051962,55682,521,126.91,157.22,30.307
0.0051962,55896,522,126.92,157.22,30.298
0.0051962,56111,523,126.93,157.22,30.288
0.0051962,56325,524,126.94,157.22,30.279
0.0051962,56541,525,126.95,157.22,30.269
0.0051962,56756,526,126.96,157.22,30.26
0.0051962,56972,527,126.97,157.22,30.25
0.0051962,57189,528,126.98,157.22,30.241
0.0051962,57405,529,126.98,157.22,30.232
0.0051962,57623,530,126.99,157.22,30.223
0.0051962,57840,531,127,157.22,30.214
0.0051962,58058,532,127.01,157.22,30.205
0.0051962,58277,533,127.02,157.22,30.196
0.0051962,58496,534,127.03,157.22,30.187
0.0051962,58715,535,127.04,157.22,30.178
0.0051962,58935,536,127.05,157.22,30.169
0.0051962,59155,537,127.06,157.22,30.16
0.0051962,59375,538,127.07,157.22,30.151
0.0051962,59596,539,127.07,157.22,30.143
0.0051962,59818,540,127.08,157.22,30.134
0.0051962,60039,541,127.09,157.22,30.125
0.0051962,60262,542,127.1,157.22,30.117
0.0051962,60484,543,127.11,157.22,30.108
0.0051962,60707,544,127.12,157.22,30.1
0.0051962,60930,545,127.13,157.22,30.091
0.0051962,61154,546,127.13,157.22,30.083
0.0051962,61379,547,127.14,157.22,30.075
0.0051962,61603,548,127.15,157.22,30.066
0.0051962,61828,549,127.16,157.22,30.058
0.0051962,62054,550,127.17,157.22,30.05
0.0051962,62279,551,127.18,157.22,30.042
0.0051962,62506,552,127.18,157.22,30.034
0.0051962,62732,553,127.19,157.22,30.025
0.0051962,62959,554,127.2,157.22,30.017
0.0051962,63187,555,127.21,157.22,30.009
0.0051962,63415,556,127.22,157.22,30.001
0.0051962,63643,557,127.22,157.22,29.994
0.0051962,63872,558,127.23,157.22,29.986
0.0051962,64101,559,127.24,157.22,29.978
0.0051962,64331,560,127.25,157.22,29.97
0.0051962,64561,561,127.25,157.22,29.962
0.0051962,64791,562,127.26,157.22,29.955
0.0051962,65022,563,127.27,157.22,29.947
0.0051962,65253,564,127.28,157.22,29.939
0.0051962,65484,565,127.29,157.22,29.932
0.0051962,65717,566,127.29,157.22,29.924
0.0051962,65949,567,127.3,157.22,29.917
0.0051962,66182,568,127.31,157.22,29.909
0.0051962,66415,569,127.32,157.22,29.902
0.0051962,66649,570,127.32,157.22,29.895
0.0051962,66883,571,127.33,157.22,29.887
0.0051962,67117,572,127.34,157.22,29.88
0.0051962,67352,573,127.34,157.22,29.873
0.0051962,67587,574,127.35,157.22,29.865
0.0051962,67823,575,127.36,157.22,29.858
0.0051962,68059,576,127.37,157.22,29.851
0.0051962,68296,577,127.37,157.22,29.844
0.0051962,68533,578,127.38,157.22,29.837
0.0051962,68770,579,127.39,157.22,29.83
0.0051962,69008,580,127.39,157.22,29.823
0.0051962,69246,581,127.4,157.22,29.816
0.0051962,69484,582,127.41,157.22,29.809
0.0051962,69723,583,127.41,157.22,29.802
0.0051962,69963,584,127.42,157.22,29.795
0.0051962,70203,585,127.43,157.22,29.788
0.0051962,70443,586,127.44,157.22,29.781
0.0051962,70683,587,127.44,157.22,29.775
0.0051962,70924,588,127.45,157.22,29.768
0.0051962,71166,589,127.46,157.22,29.761
0.0051962,71408,590,127.46,157.22,29.755
0.0051962,71650,591,127.47,157.22,29.748
0.0051962,71893,592,127.48,157.22,29.741
0.0051962,72136,593,127.48,157.22,29.735
0.0051962,72379,594,127.49,157.22,29.728
0.0051962,72623,595,127.5,157.22,29.722
0.0051962,72868,596,127.5,157.22,29.715
0.0051962,73112,597,127.51,157.22,29.709
0.0051962,73357,598,127.51,157.22,29.702
0.0051962,73603,599,127.52,157.22,29.696
0.0051962,73849,600,127.53,157.22,29.69
0.0051962,74095,601,127.53,157.22,29.683
0.0051962,74342,602,127.54,157.22,29.677
0.0051962,74589,603,127.55,157.22,29.671
0.0051962,74837,604,127.55,157.22,29.665
0.0051962,75085,605,127.56,157.22,29.659
0.0051962,75333,606,127.56,157.22,29.652
0.0051962,75582,607,127.57,157.22,29.646
0.0051962,75831,608,127.58,157.22,29.64
0.0051962,76081,609,127.58,157.22,29.634
0.0051962,76331,610,127.59,157.22,29.628
0.0051962,76582,611,127.59,157.22,29.622
0.0051962,76832,612,127.6,157.22,29.616
0.0051962,77084,613,127.61,157.22,29.61
0.0051962,77335,614,127.61,157.22,29.604
0.0051962,77588,615,127.62,157.22,29.598
0.0051962,77840,616,127.62,157.22,29.593
0.0051962,78093,617,127.63,157.22,29.587
0.0051962,78346,618,127.64,157.22,29.581
0.0051962,78600,619,127.64,157.22,29.575
0.0051962,78854,620,127.65,157.22,29.569
0.0051962,79109,621,127.65,157.22,29.564
0.0051962,79364,622,127.66,157.22,29.558
0.0051962,79619,623,127.66,157.22,29.552
0.0051962,79875,624,127.67,157.22,29.547
0.0051962,80131,625,127.68,157.22,29.541
0.0051962,80388,626,127.68,157.22,29.535
0.0051962,80645,627,127.69,157.22,29.53
0.0051962,80902,628,127.69,157.22,29.524
0.0051962,81160,629,127.7,157.22,29.519
0.0051962,81418,630,127.7,157.22,29.513
0.0051962,81677,631,127.71,157.22,29.508
0.0051962,81936,632,127.71,157.22,29.502
0.0051962,82196,633,127.72,157.22,29.497
0.0051962,82456,634,127.73,157.22,29.492
0.0051962,82716,635,127.73,157.22,29.486
0.0051962,82977,636,127.74,157.22,29.481
0.0051962,83238,637,127.74,157.22,29.476
0.0051962,83499,638,127.75,157.22,29.47
0.0051962,83761,639,127.75,157.22,29.465
0.0051962,84024,640,127.76,157.22,29.46
0.0051962,84286,641,127.76,157.22,29.455
0.0051962,84550,642,127.77,157.22,29.45
0.0051962,84813,643,127.77,157.22,29.444
0.0051962,85077,644,127.78,157.22,29.439
0.0051962,85342,645,127.78,157.22,29.434
0.0051962,85606,646,127.79,157.22,29.429
0.0051962,85872,647,127.79,157.22,29.424
0.0051962,86137,648,127.8,157.22,29.419
0.0051962,86403,649,127.8,157.22,29.414
0.0051962,86670,650,127.81,157.22,29.409
0.0051962,86937,651,127.81,157.22,29.404
0.0051962,87204,652,127.82,157.22,29.399
0.0051962,87472,653,127.82,157.22,29.394
0.0051962,87740,654,127.83,157.22,29.389
0.0051962,88008,655,127.83,157.22,29.384
0.0051962,88277,656,127.84,157.22,29.38
0.0051962,88547,657,127.84,157.22,29.375
0.0051962,88816,658,127.85,157.22,29.37
0.0051962,89087,659,127.85,157.22,29.365
0.0051962,89357,660,127.86,157.22,29.36
0.0051962,89628,661,127.86,157.22,29.356
0.0051962,89900,662,127.87,157.22,29.351
0.0051962,90171,663,127.87,157.22,29.346
0.0051962,90444,664,127.88,157.22,29.341
0.0051962,90716,665,127.88,157.22,29.337
0.0051962,90989,666,127.88,157.22,29.332
0.0051962,91263,667,127.89,157.22,29.328
0.0051962,91537,668,127.89,157.22,29.323
0.0051962,91811,669,127.9,157.22,29.318
0.0051962,92085,670,127.9,157.22,29.314
0.0051962,92361,671,127.91,157.22,29.309
0.0051962,92636,672,127.91,157.22,29.305
0.0051962,92912,673,127.92,157.22,29.3
0.0051962,93188,674,127.92,157.22,29.296
0.0051962,93465,675,127.93,157.22,29.291
0.0051962,93742,676,127.93,157.22,29.287
0.0051962,94020,677,127.93,157.22,29.282
0.0051962,94298,678,127.94,157.22,29.278
0.0051962,94576,679,127.94,157.22,29.274
0.0051962,94855,680,127.95,157.22,29.269
0.0051962,95134,681,127.95,157.22,29.265
0.0051962,95414,682,127.96,157.22,29.261
0.0051962,95694,683,127.96,157.22,29.256
0.0051962,95974,684,127.96,157.22,29.252
0.0051962,96255,685,127.97,157.22,29.248
0.0051962,96536,686,127.97,157.22,29.243
0.0051962,96818,687,127.98,157.22,29.239
0.0051962,97100,688,127.98,157.22,29.235
0.0051962,97382,689,127.99,157.22,29.231
0.0051962,97665,690,127.99,157.22,29.227
0.0051962,97948,691,127.99,157.22,29.223
0.0051962,98232,692,128,157.22,29.218
0.0051962,98516,693,128,157.22,29.214
0.0051962,98801,694,128.01,157.22,29.21
0.0051962,99086,695,128.01,157.22,29.206
0.0051962,99371,696,128.01,157.22,29.202
0.0051962,99657,697,128.02,157.22,29.198
0.0051962,99943,698,128.02,157.22,29.194
0.0051962,1.0023e+05,699,128.03,157.22,29.19
0.0051962,1.0052e+05,700,128.03,157.22,29.186
0.0051962,1.008e+05,701,128.04,157.22,29.182
0.0051962,1.0109e+05,702,128.04,157.22,29.178
0.0051962,1.0138e+05,703,128.04,157.22,29.174
0.0051962,1.0167e+05,704,128.05,157.22,29.17
0.0051962,1.0196e+05,705,128.05,157.22,29.166
0.0051962,1.0225e+05,706,128.05,157.22,29.162
0.0051962,1.0254e+05,707,128.06,157.22,29.158
0.0051962,1.0283e+05,708,128.06,157.22,29.154
0.0051962,1.0312e+05,709,128.07,157.22,29.151
0.0051962,1.0341e+05,710,128.07,157.22,29.147
0.0051962,1.037e+05,711,128.07,157.22,29.143
0.0051962,1.0399e+05,712,128.08,157.22,29.139
0.0051962,1.0428e+05,713,128.08,157.22,29.135
0.0051962,1.0458e+05,714,128.09,157.22,29.132
0.0051962,1.0487e+05,715,128.09,157.22,29.128
0.0051962,1.0516e+05,716,128.09,157.22,29.124
0.0051962,1.0546e+05,717,128.1,157.22,29.12
0.0051962,1.0575e+05,718,128.1,157.22,29.117
0.0051962,1.0605e+05,719,128.1,157.22,29.113
0.0051962,1.0634e+05,720,128.11,157.22,29.109
0.0051962,1.0664e+05,721,128.11,157.22,29.106
0.0051962,1.0693e+05,722,128.11,157.22,29.102
0.0051962,1.0723e+05,723,128.12,157.22,29.098
0.0051962,1.0753e+05,724,128.12,157.22,29.095
0.0051962,1.0782e+05,725,128.13,157.22,29.091
0.0051962,1.0812e+05,726,128.13,157.22,29.088
0.0051962,1.0842e+05,727,128.13,157.22,29.084
0.0051962,1.0872e+05,728,128.14,157.22,29.08
0.0051962,1.0902e+05,729,128.14,157.22,29.077
0.0051962,1.0932e+05,730,128.14,157.22,29.073
0.0051962,1.0962e+05,731,128.15,157.22,29.07
0.0051962,1.0992e+05,732,128.15,157.22,29.066
0.0051962,1.1022e+05,733,128.15,157.22,29.063
0.0051962,1.1052e+05,734,128.16,157.22,29.059
0.0051962,1.1082e+05,735,128.16,157.22,29.056
0.0051962,1.1112e+05,736,128.16,157.22,29.052
0.0051962,1.1142e+05,737,128.17,157.22,29.049
0.0051962,1.1173e+05,738,128.17,157.22,29.046
0.0051962,1.1203e+05,739,128.17,157.22,29.042
0.0051962,1.1233e+05,740,128.18,157.22,29.039
0.0051962,1.1264e+05,741,128.18,157.22,29.035
0.0051962,1.1294e+05,742,128.18,157.22,29.032
0.0051962,1.1325e+05,743,128.19,157.22,29.029
0.0051962,1.1355e+05,744,128.19,157.22,29.025
0.0051962,1.1386e+05,745,128.19,157.22,29.022
0.0051962,1.1416e+05,746,128.2,157.22,29.019
0.0051962,1.1447e+05,747,128.2,157.22,29.015
0.0051962,1.1477e+05,748,128.2,157.22,29.012
0.0051962,1.1508e+05,749,128.21,157.22,29.009
0.0051962,1.1539e+05,750,128.21,157.22,29.006
0.0051962,1.157e+05,751,128.21,157.22,29.002
0.0051962,1.1601e+05,752,128.22,157.22,28.999
0.0051962,1.1631e+05,753,128.22,157.22,28.996
0.0051962,1.1662e+05,754,128.22,157.22,28.993
0.0051962,1.1693e+05,755,128.23,157.22,28.99
0.0051962,1.1724e+05,756,128.23,157.22,28.986
0.0051962,1.1755e+05,757,128.23,157.22,28.983
0.0051962,1.1786e+05,758,128.24,157.22,28.98
0.0051962,1.1817e+05,759,128.24,157.22,28.977
0.0051962,1.1849e+05,760,128.24,157.22,28.974
0.0051962,1.188e+05,761,128.25,157.22,28.971
0.0051962,1.1911e+05,762,128.25,157.22,28.968
0.0051962,1.1942e+05,763,128.25,157.22,28.964
0.0051962,1.1974e+05,764,128.26,157.22,28.961
0.0051962,1.2005e+05,765,128.26,157.22,28.958
0.0051962,1.2036e+05,766,128.26,157.22,28.955
0.0051962,1.2068e+05,767,128.26,157.22,28.952
0.0051962,1.2099e+05,768,128.27,157.22,28.949
0.0051962,1.2131e+05,769,128.27,157.22,28.946
0.0051962,1.2163e+05,770,128.27,157.22,28.943
0.0051962,1.2194e+05,771,128.28,157.22,28.94
0.0051962,1.2226e+05,772,128.28,157.22,28.937
0.0051962,1.2257e+05,773,128.28,157.22,28.934
0.0051962,1.2289e+05,774,128.29,157.22,28.931
0.0051962,1.2321e+05,775,128.29,157.22,28.928
0.0051962,1.2353e+05,776,128.29,157.22,28.925
0.0051962,1.2385e+05,777,128.29,157.22,28.922
0.0051962,1.2417e+05,778,128.3,157.22,28.919
0.0051962,1.2448e+05,779,128.3,157.22,28.917
0.0051962,1.248e+05,780,128.3,157.22,28.914
0.0051962,1.2512e+05,781,128.31,157.22,28.911
0.0051962,1.2545e+05,782,128.31,157.22,28.908
0.0051962,1.2577e+05,783,128.31,157.22,28.905
0.0051962,1.2609e+05,784,128.31,157.22,28.902
0.0051962,1.2641e+05,785,128.32,157.22,28.899
0.0051962,1.2673e+05,786,128.32,157.22,28.897
0.0051962,1.2705e+05,787,128.32,157.22,28.894
0.0051962,1.2738e+05,788,128.33,157.22,28.891
0.0051962,1.277e+05,789,128.33,157.22,28.888
0.0051962,1.2803e+05,790,128.33,157.22,28.885
0.0051962,1.2835e+05,791,128.33,157.22,28.883
0.0051962,1.2867e+05,792,128.34,157.22,28.88
0.0051962,1.29e+05,793,128.34,157.22,28.877
0.0051962,1.2933e+05,794,128.34,157.22,28.874
0.0051962,1.2965e+05,795,128.35,157.22,28.872
0.0051962,1.2998e+05,796,128.35,157.22,28.869
0.0051962,1.303e+05,797,128.35,157.22,28.866
0.0051962,1.3063e+05,798,128.35,157.22,28.863
0.0051962,1.3096e+05,799,128.36,157.22,28.861
0.0051962,1.3129e+05,800,128.36,157.22,28.858
0.0051962,1.3162e+05,801,128.36,157.22,28.855
0.0051962,1.3194e+05,802,128.36,157.22,28.853
0.0051962,1.3227e+05,803,128.37,157.22,28.85
0.0051962,1.326e+05,804,128.37,157.22,28.847
0.0051962,1.3293e+05,805,128.37,157.22,28.845
0.0051962,1.3326e+05,806,128.37,157.22,28.842
0.0051962,1.3359e+05,807,128.38,157.22,28.839
0.0051962,1.3393e+05,808,128.38,157.22,28.837
0.0051962,1.3426e+05,809,128.38,157.22,28.834
0.0051962,1.3459e+05,810,128.39,157.22,28.832
0.0051962,1.3492e+05,811,128.39,157.22,28.829
0.0051962,1.3526e+05,812,128.39,157.22,28.827
0.0051962,1.3559e+05,813,128.39,157.22,28.824
0.0051962,1.3592e+05,814,128.4,157.22,28.821
0.0051962,1.3626e+05,815,128.4,157.22,28.819
0.0051962,1.3659e+05,816,128.4,157.22,28.816
0.0051962,1.3693e+05,817,128.4,157.22,28.814
0.0051962,1.3726e+05,818,128.41,157.22,28.811
0.0051962,1.376e+05,819,128.41,157.22,28.809
0.0051962,1.3793e+05,820,128.41,157.22,28.806
0.0051962,1.3827e+05,821,128.41,157.22,28.804
0.0051962,1.3861e+05,822,128.42,157.22,28.801
0.0051962,1.3894e+05,823,128.42,157.22,28.799
0.0051962,1.3928e+05,824,128.42,157.22,28.796
0.0051962,1.3962e+05,825,128.42,157.22,28.794
0.0051962,1.3996e+05,826,128.43,157.22,28.792
0.0051962,1.403e+05,827,128.43,157.22,28.789
0.0051962,1.4064e+05,828,128.43,157.22,28.787
0.0051962,1.4098e+05,829,128.43,157.22,28.784
0.0051962,1.4132e+05,830,128.44,157.22,28.782
0.0051962,1.4166e+05,831,128.44,157.22,28.779
0.0051962,1.42e+05,832,128.44,157.22,28.777
0.0051962,1.4234e+05,833,128.44,157.22,28.775
0.0051962,1.4268e+05,834,128.44,157.22,28.772
0.0051962,1.4303e+05,835,128.45,157.22,28.77
0.0051962,1.4337e+05,836,128.45,157.22,28.768
0.0051962,1.4371e+05,837,128.45,157.22,28.765
0.0051962,1.4406e+05,838,128.45,157.22,28.763
0.0051962,1.444e+05,839,128.46,157.22,28.761
0.0051962,1.4474e+05,840,128.46,157.22,28.758
0.0051962,1.4509e+05,841,128.46,157.22,28.756
0.0051962,1.4543e+05,842,128.46,157.22,28.754
0.0051962,1.4578e+05,843,128.47,157.22,28.751
0.0051962,1.4613e+05,844,128.47,157.22,28.749
0.0051962,1.4647e+05,845,128.47,157.22,28.747
0.0051962,1.4682e+05,846,128.47,157.22,28.745
0.0051962,1.4717e+05,847,128.47,157.22,28.742
0.0051962,1.4751e+05,848,128.48,157.22,28.74
0.0051962,1.4786e+05,849,128.48,157.22,28.738
0.0051962,1.4821e+05,850,128.48,157.22,28.736
0.0051962,1.4856e+05,851,128.48,157.22,28.733
0.0051962,1.4891e+05,852,128.49,157.22,28.731
0.0051962,1.4926e+05,853,128.49,157.22,28.729
0.0051962,1.4961e+05,854,128.49,157.22,28.727
0.0051962,1.4996e+05,855,128.49,157.22,28.724
0.0051962,1.5031e+05,856,128.49,157.22,28.722
0.0051962,1.5066e+05,857,128.5,157.22,28.72
0.0051962,1.5101e+05,858,128.5,157.22,28.718
0.0051962,1.5137e+05,859,128.5,157.22,28.716
0.0051962,1.5172e+05,860,128.5,157.22,28.714
0.0051962,1.5207e+05,861,128.51,157.22,28.711
0.0051962,1.5242e+05,862,128.51,157.22,28.709
0.0051962,1.5278e+05,863,128.51,157.22,28.707
0.0051962,1.5313e+05,864,128.51,157.22,28.705
0.0051962,1.5349e+05,865,128.51,157.22,28.703
0.0051962,1.5384e+05,866,128.52,157.22,28.701
0.0051962,1.542e+05,867,128.52,157.22,28.699
0.0051962,1.5455e+05,868,128.52,157.22,28.696
0.0051962,1.5491e+05,869,128.52,157.22,28.694
0.0051962,1.5527e+05,870,128.52,157.22,28.692
0.0051962,1.5562e+05,871,128.53,157.22,28.69
0.0051962,1.5598e+05,872,128.53,157.22,28.688
0.0051962,1.5634e+05,873,128.53,157.22,28.686
0.0051962,1.567e+05,874,128.53,157.22,28.684
0.0051962,1.5706e+05,875,128.53,157.22,28.682
0.0051962,1.5742e+05,876,128.54,157.22,28.68
0.0051962,1.5778e+05,877,128.54,157.22,28.678
0.0051962,1.5814e+05,878,128.54,157.22,28.676
0.0051962,1.585e+05,879,128.54,157.22,28.674
0.0051962,1.5886e+05,880,128.55,157.22,28.672
0.0051962,1.5922e+05,881,128.55,157.22,28.67
0.0051962,1.5958e+05,882,128.55,157.22,28.668
0.0051962,1.5994e+05,883,128.55,157.22,28.666
0.0051962,1.603e+05,884,128.55,157.22,28.664
0.0051962,1.6067e+05,885,128.56,157.22,28.662
0.0051962,1.6103e+05,886,128.56,157.22,28.66
0.0051962,1.6139e+05,887,128.56,157.22,28.658
0.0051962,1.6176e+05,888,128.56,157.22,28.656
0.0051962,1.6212e+05,889,128.56,157.22,28.654
0.0051962,1.6249e+05,890,128.56,157.22,28.652
0.0051962,1.6285e+05,891,128.57,157.22,28.65
0.0051962,1.6322e+05,892,128.57,157.22,28.648
0.0051962,1.6359e+05,893,128.57,157.22,28.646
0.0051962,1.6395e+05,894,128.57,157.22,28.644
0.0051962,1.6432e+05,895,128.57,157.22,28.642
0.0051962,1.6469e+05,896,128.58,157.22,28.64
0.0051962,1.6505e+05,897,128.58,157.22,28.638
0.0051962,1.6542e+05,898,128.58,157.22,28.637
0.0051962,1.6579e+05,899,128.58,157.22,28.635
0.0051962,1.6616e+05,900,128.58,157.22,28.633
0.0051962,1.6653e+05,901,128.59,157.22,28.631
0.0051962,1.669e+05,902,128.59,157.22,28.629
0.0051962,1.6727e+05,903,128.59,157.22,28.627
0.0051962,1.6764e+05,904,128.59,157.22,28.625
0.0051962,1.6801e+05,905,128.59,157.22,28.623
0.0051962,1.6838e+05,906,128.6,157.22,28.622
0.0051962,1.6875e+05,907,128.6,157.22,28.62
0.0051962,1.6913e+05,908,128.6,157.22,28.618
0.0051962,1.695e+05,909,128.6,157.22,28.616
0.0051962,1.6987e+05,910,128.6,157.22,28.614
0.0051962,1.7025e+05,911,128.6,157.22,28.612
0.0051962,1.7062e+05,912,128.61,157.22,28.611
0.0051962,1.7099e+05,913,128.61,157.22,28.609
0.0051962,1.7137e+05,914,128.61,157.22,28.607
0.0051962,1.7174e+05,915,128.61,157.22,28.605
0.0051962,1.7212e+05,916,128.61,157.22,28.603
0.0051962,1.725e+05,917,128.62,157.22,28.602
0.0051962,1.7287e+05,918,128.62,157.22,28.6
0.0051962,1.7325e+05,919,128.62,157.22,28.598
0.0051962,1.7363e+05,920,128.62,157.22,28.596
0.0051962,1.74e+05,921,128.62,157.22,28.595
0.0051962,1.7438e+05,922,128.62,157.22,28.593
0.0051962,1.7476e+05,923,128.63,157.22,28.591
0.0051962,1.7514e+05,924,128.63,157.22,28.589
0.0051962,1.7552e+05,925,128.63,157.22,28.588
0.0051962,1.759e+05,926,128.63,157.22,28.586
0.0051962,1.7628e+05,927,128.63,157.22,28.584
0.0051962,1.7666e+05,928,128.63,157.22,28.582
0.0051962,1.7704e+05,929,128.64,157.22,28.581
0.0051962,1.7742e+05,930,128.64,157.22,28.579
0.0051962,1.778e+05,931,128.64,157.22,28.577
0.0051962,1.7819e+05,932,128.64,157.22,28.576
0.0051962,1.7857e+05,933,128.64,157.22,28.574
0.0051962,1.7895e+05,934,128.64,157.22,28.572
0.0051962,1.7933e+05,935,128.65,157.22,28.57
0.0051962,1.7972e+05,936,128.65,157.22,28.569
0.0051962,1.801e+05,937,128.65,157.22,28.567
0.0051962,1.8049e+05,938,128.65,157.22,28.565
0.0051962,1.8087e+05,939,128.65,157.22,28.564
0.0051962,1.8126e+05,940,128.65,157.22,28.562
0.0051962,1.8164e+05,941,128.66,157.22,28.56
0.0051962,1.8203e+05,942,128.66,157.22,28.559
0.0051962,1.8242e+05,943,128.66,157.22,28.557
0.0051962,1.828e+05,944,128.66,157.22,28.556
0.0051962,1.8319e+05,945,128.66,157.22,28.554
0.0051962,1.8358e+05,946,128.66,157.22,28.552
0.0051962,1.8397e+05,947,128.67,157.22,28.551
0.0051962,1.8436e+05,948,128.67,157.22,28.549
0.0051962,1.8475e+05,949,128.67,157.22,28.547
0.0051962,1.8514e+05,950,128.67,157.22,28.546
0.0051962,1.8553e+05,951,128.67,157.22,28.544
0.0051962,1.8592e+05,952,128.67,157.22,28.543
0.0051962,1.8631e+05,953,128.68,157.22,28.541
0.0051962,1.867e+05,954,128.68,157.22,28.539
0.0051962,1.8709e+05,955,128.68,157.22,28.538
0.0051962,1.8748e+05,956,128.68,157.22,28.536
0.0051962,1.8787e+05,957,128.68,157.22,28.535
0.0051962,1.8827e+05,958,128.68,157.22,28.533
0.0051962,1.8866e+05,959,128.69,157.22,28.532
0.0051962,1.8905e+05,960,128.69,157.22,28.53
0.0051962,1.8945e+05,961,128.69,157.22,28.529
0.0051962,1.8984e+05,962,128.69,157.22,28.527
0.0051962,1.9024e+05,963,128.69,157.22,28.525
0.0051962,1.9063e+05,964,128.69,157.22,28.524
0.0051962,1.9103e+05,965,128.69,157.22,28.522
0.0051962,1.9142e+05,966,128.7,157.22,28.521
0.0051962,1.9182e+05,967,128.7,157.22,28.519
0.0051962,1.9222e+05,968,128.7,157.22,28.518
0.0051962,1.9261e+05,969,128.7,157.22,28.516
0.0051962,1.9301e+05,970,128.7,157.22,28.515
0.0051962,1.9341e+05,971,128.7,157.22,28.513
0.0051962,1.9381e+05,972,128.71,157.22,28.512
0.0051962,1.9421e+05,973,128.71,157.22,28.51
0.0051962,1.9461e+05,974,128.71,157.22,28.509
0.0051962,1.9501e+05,975,128.71,157.22,28.507
0.0051962,1.9541e+05,976,128.71,157.22,28.506
0.0051962,1.9581e+05,977,128.71,157.22,28.504
0.0051962,1.9621e+05,978,128.71,157.22,28.503
0.0051962,1.9661e+05,979,128.72,157.22,28.501
0.0051962,1.9701e+05,980,128.72,157.22,28.5
0.0051962,1.9741e+05,981,128.72,157.22,28.498
0.0051962,1.9782e+05,982,128.72,157.22,28.497
0.0051962,1.9822e+05,983,128.72,157.22,28.496
0.0051962,1.9862e+05,984,128.72,157.22,28.494
0.0051962,1.9903e+05,985,128.72,157.22,28.493
0.0051962,1.9943e+05,986,128.73,157.22,28.491
0.0051962,1.9984e+05,987,128.73,157.22,28.49
0.0051962,2.0024e+05,988,128.73,157.22,28.488
0.0051962,2.0065e+05,989,128.73,157.22,28.487
0.0051962,2.0105e+05,990,128.73,157.22,28.486
0.0051962,2.0146e+05,991,128.73,157.22,28.484
0.0051962,2.0187e+05,992,128.73,157.22,28.483
0.0051962,2.0227e+05,993,128.74,157.22,28.481
0.0051962,2.0268e+05,994,128.74,157.22,28.48
0.0051962,2.0309e+05,995,128.74,157.22,28.478
0.0051962,2.035e+05,996,128.74,157.22,28.477
0.0051962,2.0391e+05,997,128.74,157.22,28.476
0.0051962,2.0432e+05,998,128.74,157.22,28.474
0.0051962,2.0473e+05,999,128.74,157.22,28.473
0.0051962,2.0514e+05,1000,128.75,157.22,28.472
