0.0077942,0.3077,1,0.99994,0.99994,3.5327e-09,1,1.2248,0.22476,52.412,52.413,0.00030005
0.0077942,1.2308,2,1.9994,1.9994,3.3381e-08,1.9998,2.4494,0.44959,52.506,52.506,7.4528e-05
0.0077942,2.7693,3,2.9977,2.9977,1.1402e-07,2.9993,3.6739,0.67456,52.499,52.498,0.00056587
0.0077942,4.9233,4,3.9945,3.9945,2.6975e-07,3.9983,4.898,0.89974,53.735,53.735,5.8826e-05
0.0077942,7.6926,5,4.9893,4.9893,5.2536e-07,4.9966,6.1218,1.1252,52.626,52.626,0.00061486
0.0077942,11.077,6,5.9814,5.9814,9.055e-07,5.994,7.345,1.351,52.854,52.854,0.00019783
0.0077942,15.077,7,6.9703,6.9703,1.4332e-06,6.9904,8.5676,1.5772,61.764,61.763,0.00038246
0.0077942,19.693,8,7.9556,7.9556,2.1309e-06,7.9857,9.7896,1.8039,64.644,64.644,5.6356e-05
0.0077942,24.924,9,8.9366,8.9366,3.0199e-06,8.9796,11.011,2.0311,53.356,53.356,0.00012329
0.0077942,30.77,10,9.913,9.913,4.1214e-06,9.9719,12.231,2.259,54.904,54.904,0.00025667
0.0077942,37.232,11,10.884,10.884,5.4541e-06,10.963,13.45,2.4875,57.257,57.257,0.00032444
0.0077942,44.309,12,11.849,11.849,7.0361e-06,11.951,14.668,2.7168,53.633,53.634,0.00098615
0.0077942,52.002,13,12.808,12.808,8.8839e-06,12.938,15.885,2.9468,53.76,53.759,0.0010446
0.0077942,60.31,14,13.76,13.76,1.1012e-05,13.923,17.101,3.1778,69.874,69.874,0.00015791
0.0077942,69.233,15,14.704,14.704,1.3433e-05,14.905,18.315,3.4096,57.502,57.501,0.00042237
0.0077942,78.772,16,15.64,15.64,1.6158e-05,15.885,19.527,3.6425,56.275,56.275,5.217e-05
0.0077942,88.926,17,16.568,16.568,1.9195e-05,16.862,20.738,3.8764,54.74,54.741,0.0012228
0.0077942,99.696,18,17.487,17.487,2.2552e-05,17.836,21.947,4.1114,57.069,57.069,9.1765e-05
0.0077942,111.08,19,18.395,18.395,2.6232e-05,18.807,23.155,4.3476,65.425,65.425,4.69e-07
0.0077942,123.08,20,19.294,19.294,3.0238e-05,19.775,24.36,4.585,62.115,62.115,4.3776e-06
0.0077942,135.7,21,20.182,20.182,3.4567e-05,20.74,25.564,4.8236,60.037,60.037,0.00033166
0.0077942,148.93,22,21.058,21.058,3.9217e-05,21.701,26.765,5.0636,67.985,67.984,0.00044569
0.0077942,162.78,23,21.922,21.922,4.4182e-05,22.659,27.964,5.3049,57.74,57.74,0.00021465
0.0077942,177.24,24,22.774,22.774,4.9453e-05,23.613,29.161,5.5476,66.504,66.504,0.00019946
0.0077942,192.31,25,23.613,23.613,5.5018e-05,24.563,30.355,5.7918,61.522,61.521,0.00048703
0.0077942,208.01,26,24.438,24.438,6.0863e-05,25.509,31.546,6.0374,60.304,60.303,0.001229
0.0077942,224.32,27,25.249,25.249,6.697e-05,26.451,32.735,6.2845,61.47,61.47,0.00014479
0.0077942,241.24,28,26.046,26.046,7.3322e-05,27.388,33.921,6.5332,60.592,60.592,8.2056e-06
0.0077942,258.78,29,26.828,26.828,7.9897e-05,28.321,35.105,6.7834,61.117,61.117,0.0004761
0.0077942,276.93,30,27.595,27.595,8.6669e-05,29.249,36.285,7.0352,68.213,68.215,0.0017595
0.0077942,295.7,31,28.345,28.345,9.3616e-05,30.173,37.462,7.2886,67.142,67.141,0.0011346
0.0077942,315.09,32,29.08,29.08,0.00010071,31.092,38.635,7.5436,64.52,64.52,8.3101e-05
0.0077942,335.09,33,29.798,29.798,0.00010792,32.005,39.805,7.8001,62.329,62.33,0.0010378
0.0077942,355.71,34,30.499,30.5,0.00011522,32.914,40.972,8.0583,64.241,64.241,2.9433e-06
0.0077942,376.94,35,31.184,31.184,0.00012257,33.817,42.135,8.318,64.516,64.516,5.8736e-05
0.0077942,398.78,36,31.851,31.851,0.00012996,34.715,43.294,8.5792,64.234,64.234,0.00010167
0.0077942,421.25,37,32.501,32.501,0.00013734,35.607,44.449,8.8419,65.256,65.256,0.0001729
0.0077942,444.32,38,33.133,33.133,0.0001447,36.493,45.599,9.1061,68.99,68.989,5.8084e-05
0.0077942,468.02,39,33.747,33.748,0.00015199,37.374,46.746,9.3716,67.534,67.535,0.0010056
0.0077942,492.33,40,34.344,34.344,0.0001592,38.249,47.888,9.6384,68.202,68.202,3.8163e-06
0.0077942,517.25,41,34.923,34.924,0.00016629,39.118,49.025,9.9064,69.733,69.732,0.00093629
0.0077942,542.79,42,35.485,35.485,0.00017325,39.981,50.156,10.175,69.865,69.865,0.00028109
0.0077942,568.94,43,36.029,36.029,0.00018005,40.838,51.283,10.445,69.805,69.805,0.00021658
0.0077942,595.71,44,36.556,36.556,0.00018668,41.688,52.404,10.716,69.874,70.642,0.76816
0.0077942,623.1,45,37.014,37.014,0.00019139,42.532,53.519,10.987,69.874,71.528,1.6538
0.0077942,651.1,46,37.441,37.441,9.5887e-05,43.37,54.628,11.259,69.874,72.428,2.5535
0.0077942,679.72,47,37.911,37.91,0.000166,44.201,55.73,11.53,69.874,73.341,3.4664
0.0077942,708.95,48,38.245,38.245,1.6586e-05,45.025,56.825,11.8,69.874,74.266,4.3915
0.0077942,738.8,49,38.61,38.61,3.8145e-06,45.842,57.912,12.07,69.874,75.202,5.328
0.0077942,769.26,50,39.228,39.228,8.9509e-05,46.653,58.991,12.337,69.874,76.149,6.2751
0.0077942,800.34,51,39.277,39.277,5.2367e-05,47.457,60.06,12.603,69.874,77.106,7.232
0.0077942,832.03,52,40.173,40.174,0.00023171,48.254,61.118,12.864,69.874,78.072,8.1979
0.0077942,864.34,53,40.556,40.556,0.00023625,49.044,62.164,13.12,69.874,79.046,9.1722
0.0077942,897.26,54,40.766,40.766,3.7252e-05,49.827,63.196,13.37,69.874,80.028,10.154
0.0077942,930.8,55,40.948,40.947,0.00017365,50.602,64.211,13.609,69.874,81.017,11.143
0.0077942,964.96,56,41.365,41.365,4.9652e-05,51.371,65.204,13.833,69.874,82.012,12.138
0.0077942,999.73,57,41.421,41.421,7.2771e-05,52.132,66.167,14.034,69.874,83.013,13.139
0.0077942,1035.1,58,41.72,41.72,0.00013779,52.886,67.084,14.198,69.874,84.019,14.145
0.0077942,1071.1,59,42.567,42.567,0.00025848,53.633,67.913,14.281,69.874,85.03,15.156
0.0077942,1107.7,60,41.619,41.619,0.00017241,54.372,68.541,14.169,69.874,86.045,16.17
0.0077942,1145,61,41.866,41.866,4.0343e-05,55.104,69.137,14.034,70.877,87.063,16.186
0.0077942,1182.8,62,42.502,42.502,0.00013788,55.828,69.734,13.907,71.911,88.085,16.173
0.0077942,1221.3,63,43.451,43.451,2.8672e-05,56.545,69.874,13.33,72.939,89.109,16.17
0.0077942,1260.4,64,42.969,42.969,0.00013453,57.254,69.874,12.62,73.96,90.135,16.176
0.0077942,1300,65,43.509,43.509,4.8652e-05,57.956,69.874,11.918,74.975,91.164,16.189
0.0077942,1340.4,66,43.292,43.292,1.8144e-05,58.65,69.874,11.224,75.983,92.194,16.211
0.0077942,1381.3,67,42.947,42.947,5.9681e-05,59.337,69.874,10.538,76.985,93.225,16.24
0.0077942,1422.8,68,44.596,44.596,0.00018383,60.016,69.874,9.8585,77.981,94.257,16.277
0.0077942,1465,69,44.229,44.229,4.27e-06,60.687,69.874,9.187,78.969,95.29,16.321
0.0077942,1507.7,70,43.474,43.474,3.0899e-05,61.351,69.874,8.5231,79.951,96.323,16.372
0.0077942,1551.1,71,44.934,44.934,1.7248e-05,62.007,69.874,7.8667,80.926,97.356,16.43
0.0077942,1595.1,72,43.331,43.331,1.1746e-05,62.656,69.874,7.218,81.894,98.389,16.494
0.0077942,1639.8,73,43.709,43.71,0.00018173,63.297,69.874,6.5768,82.856,99.421,16.565
0.0077942,1685,74,43.497,43.497,6.0042e-06,63.931,69.874,5.9432,83.81,100.45,16.642
0.0077942,1730.8,75,44.595,44.595,3.3431e-05,64.557,69.874,5.3172,84.757,101.48,16.726
0.0077942,1777.3,76,43.874,43.874,3.4867e-05,65.176,69.874,4.6987,85.696,102.51,16.815
0.0077942,1824.4,77,46.158,46.158,8.7176e-05,65.787,69.874,4.0877,86.629,103.54,16.91
0.0077942,1872.1,78,45.379,45.379,2.482e-06,66.39,69.874,3.4842,87.554,104.56,17.01
0.0077942,1920.4,79,46.437,46.437,2.8821e-05,66.986,69.874,2.8881,88.472,105.59,17.117
0.0077942,1969.3,80,44.343,44.344,7.5603e-05,67.575,69.874,2.2995,89.382,106.61,17.228
0.0077942,2018.8,81,44.45,44.45,0.00010327,68.156,69.874,1.7184,90.285,107.63,17.346
0.0077942,2069,82,44.048,44.048,0.00012298,68.73,69.874,1.1446,91.18,108.65,17.468
0.0077942,2119.8,83,45.437,45.437,2.3458e-06,69.296,69.874,0.57813,92.067,109.66,17.595
0.0077942,2171.2,84,45.945,45.945,1.0165e-05,69.855,69.874,0.018982,92.947,110.67,17.728
0.0077942,2223.2,85,44.325,44.325,8.7032e-05,70.385,70.385,2.1515e-05,93.819,111.68,17.865
0.0077942,2275.8,86,44.538,44.538,9.0989e-05,70.908,70.908,1.7976e-05,94.684,112.69,18.007
0.0077942,2329,87,44.512,44.512,3.313e-05,71.481,71.481,2.3474e-06,95.54,113.69,18.154
0.0077942,2382.9,88,44.589,44.589,0.00016547,71.957,71.957,0.00026479,96.389,114.69,18.306
0.0077942,2437.3,89,47.73,47.73,0.00010853,71.848,71.848,0.00026258,97.229,115.69,18.462
0.0077942,2492.4,90,45.527,45.527,1.6501e-05,72.759,72.759,0.00022343,98.062,116.68,18.622
0.0077942,2548.1,91,46.447,46.447,5.8154e-05,73.204,73.204,4.3385e-05,98.886,117.67,18.788
0.0077942,2604.4,92,47.702,47.702,4.682e-05,73.286,73.287,0.00099412,99.703,118.66,18.957
0.0077942,2661.3,93,48.244,48.245,0.00029239,72.952,72.952,9.0143e-05,100.51,119.64,19.131
0.0077942,2718.9,94,47.118,47.118,1.7277e-06,74.263,74.263,0.00022002,101.31,120.62,19.309
0.0077942,2777,95,44.924,44.924,8.7271e-05,75.48,75.48,0.00039296,102.1,121.6,19.491
0.0077942,2835.8,96,45.12,45.12,2.3542e-05,75.809,75.808,0.00052292,102.89,122.57,19.677
0.0077942,2895.2,97,45.682,45.682,0.00022891,72.185,72.185,6.6897e-05,103.66,123.53,19.868
0.0077942,2955.2,98,48.642,48.642,0.00029235,75.771,75.771,0.00014987,104.43,124.49,20.062
0.0077942,3015.8,99,45.019,45.019,7.2024e-05,77.352,77.352,2.0856e-05,105.19,125.45,20.26
0.0077942,3077,100,46.192,46.192,8.3192e-06,77.204,77.204,0.00044794,105.94,126.41,20.462
0.0077942,3138.9,101,46.835,46.835,0.00016986,72.516,72.516,9.1991e-05,106.69,127.35,20.668
0.0077942,3201.4,102,47.807,47.807,6.0254e-05,78.224,78.224,0.00035394,107.42,128.3,20.877
0.0077942,3264.4,103,48.182,48.183,0.00022944,70.33,70.33,9.9938e-05,108.15,129.24,21.09
0.0077942,3328.1,104,44.993,44.994,0.00012378,78.451,78.451,4.1625e-05,108.87,130.17,21.307
0.0077942,3392.4,105,47.357,47.357,7.8182e-05,79.928,79.928,0.00033754,109.58,131.1,21.527
0.0077942,3457.4,106,47.878,47.878,0.00016862,70.289,70.289,0.00055336,110.28,132.03,21.751
0.0077942,3522.9,107,46.551,46.551,5.1255e-05,78.212,78.211,0.00024936,110.97,132.95,21.977
0.0077942,3589.1,108,45.164,45.164,6.0679e-05,73.464,73.463,0.00020099,111.66,133.87,22.208
0.0077942,3655.8,109,45.763,45.763,3.3065e-05,70.302,70.302,4.1158e-06,112.34,134.78,22.441
0.0077942,3723.2,110,48.885,48.886,0.00025133,81.96,81.96,0.00022821,113.01,135.68,22.678
0.0077942,3791.2,111,45.139,45.139,6.8594e-05,70.648,70.648,0.00011416,113.67,136.58,22.917
0.0077942,3859.8,112,45.177,45.177,0.00010813,80.608,80.608,0.00017108,114.32,137.48,23.16
0.0077942,3929.1,113,49.533,49.533,0.00029082,81.153,81.153,0.00034203,114.97,138.37,23.406
0.0077942,3998.9,114,45.666,45.665,0.00027401,82.458,82.459,0.00013085,115.6,139.26,23.655
0.0077942,4069.4,115,47.187,47.187,1.2488e-06,81.663,81.663,0.00013676,116.23,140.14,23.906
0.0077942,4140.5,116,48.014,48.014,0.00026266,71.299,71.299,0.00022759,116.85,141.01,24.16
0.0077942,4212.2,117,48.213,48.213,0.00017867,70.827,70.827,0.00011226,117.47,141.88,24.417
0.0077942,4284.5,118,45.373,45.373,0.00012572,82.909,82.91,0.00051091,118.07,142.75,24.676
0.0077942,4357.4,119,48.617,48.617,0.00019796,77.296,77.296,1.4672e-05,118.67,143.6,24.937
0.0077942,4430.9,120,49.837,49.838,0.00028982,72.356,72.356,0.00024488,119.26,144.45,25.198
0.0077942,4505.1,121,47.396,47.396,3.9372e-06,71.351,71.351,5.9696e-06,119.84,145.29,25.455
0.0077942,4579.9,122,49.058,49.058,2.6865e-05,85.853,85.853,0.00028152,120.41,146.12,25.707
0.0077942,4655.3,123,46.993,46.993,7.5464e-05,84.849,84.849,5.2235e-05,120.98,146.93,25.954
0.0077942,4731.3,124,46.266,46.266,9.0409e-05,86.829,86.829,7.1988e-05,121.54,147.73,26.195
0.0077942,4807.9,125,49.502,49.502,1.6224e-05,79.236,79.236,0.00026608,122.09,148.52,26.43
0.0077942,4885.1,126,45.734,45.734,4.3543e-05,84.338,84.338,0.00032407,122.63,149.29,26.659
0.0077942,4963,127,50.092,50.092,0.0002888,86.086,86.085,0.00041593,123.17,150.05,26.881
0.0077942,5041.4,128,47.605,47.605,0.0001002,80.426,80.426,0.00045684,123.7,150.79,27.097
0.0077942,5120.5,129,47.952,47.952,6.4924e-05,82.892,82.892,0.00067035,124.22,151.52,27.306
0.0077942,5200.2,130,47.183,47.183,2.9486e-05,87.377,87.377,0.00016229,124.73,152.24,27.508
0.0077942,5280.5,131,49.346,49.346,1.9146e-05,70.025,70.025,5.1352e-05,125.24,152.94,27.703
0.0077942,5361.4,132,48.526,48.526,4.3625e-05,73.293,73.292,0.00047727,125.74,153.63,27.891
0.0077942,5443,133,49.576,49.576,5.388e-06,88.997,88.997,4.9469e-05,126.23,154.3,28.071
0.0077942,5525.1,134,46.358,46.358,5.0435e-05,86.713,86.713,7.6723e-06,126.72,154.96,28.248
0.0077942,5607.9,135,49.805,49.805,1.3358e-05,74.472,74.471,0.0010851,127.19,155.61,28.412
0.0077942,5691.3,136,48.963,48.963,3.0183e-05,69.899,69.899,0.00034219,127.67,156.22,28.558
0.0077942,5775.3,137,47.664,47.665,0.00010552,70.237,70.237,0.00038309,128.13,156.8,28.667
0.0077942,5859.9,138,45.996,45.996,1.6155e-05,70.785,70.785,1.8546e-05,128.59,157.22,28.629
0.0077942,5945.1,139,46.765,46.765,0.00011435,91.09,91.09,0.00017147,129.04,157.22,28.178
0.0077942,6031,140,45.979,45.979,4.2625e-06,82.993,82.993,0.00040702,129.48,157.22,27.733
0.0077942,6117.5,141,50.492,50.492,0.00024086,87.321,87.321,0.00014205,129.92,157.22,27.295
0.0077942,6204.5,142,45.632,45.632,0.00015848,71.131,71.131,7.9133e-05,130.35,157.22,26.863
0.0077942,6292.2,143,45.939,45.939,0.00022254,87.459,87.459,0.00035104,130.78,157.22,26.438
0.0077942,6380.5,144,46.638,46.638,4.0835e-05,87.171,87.171,4.4793e-05,131.2,157.22,26.019
0.0077942,6469.5,145,50.583,50.584,0.00028633,71.737,71.738,0.00015831,131.61,157.22,25.606
0.0077942,6559,146,49.886,49.886,0.00014761,70.975,70.974,0.00079945,132.02,157.22,25.199
0.0077942,6649.2,147,46.449,46.449,6.5767e-05,92.374,92.374,0.00017043,132.42,157.22,24.798
0.0077942,6739.9,148,47.877,47.876,0.00013369,81.283,81.283,3.5982e-05,132.81,157.22,24.403
0.0077942,6831.3,149,50.125,50.125,1.2574e-05,85.976,85.975,0.0002551,133.2,157.22,24.015
0.0077942,6923.3,150,47.428,47.428,8.0893e-06,79.204,79.204,7.7315e-05,133.59,157.22,23.632
0.0077942,7016,151,45.916,45.916,0.00014785,78.863,78.863,0.0001783,133.96,157.22,23.254
0.0077942,7109.2,152,47.3,47.3,1.1657e-05,75.73,75.73,6.1004e-05,134.33,157.22,22.883
0.0077942,7203,153,48.625,48.625,3.4342e-05,94.266,94.266,0.000104,134.7,157.22,22.517
0.0077942,7297.5,154,50.766,50.766,0.00028525,80.064,80.065,0.00038183,135.06,157.22,22.156
0.0077942,7392.6,155,47.186,47.186,7.2711e-05,90.869,90.87,0.00039222,135.42,157.22,21.801
0.0077942,7488.3,156,46.579,46.579,7.9209e-05,92.768,92.768,0.00015212,135.77,157.22,21.452
0.0077942,7584.6,157,46.291,46.291,6.338e-05,93.909,93.909,0.00014907,136.11,157.22,21.107
0.0077942,7681.5,158,50.837,50.837,0.0002848,94.675,94.674,0.00013272,136.45,157.22,20.768
0.0077942,7779.1,159,45.872,45.872,3.4734e-05,88.038,88.038,0.00047474,136.78,157.22,20.434
0.0077942,7877.2,160,49.957,49.957,0.00026092,94.827,94.827,0.00017572,137.11,157.22,20.105
0.0077942,7976,161,50.887,50.887,0.00028448,95.76,95.76,0.00040382,137.44,157.22,19.781
0.0077942,8075.4,162,49.28,49.28,2.5764e-05,82.62,82.619,0.00051298,137.75,157.22,19.462
0.0077942,8175.4,163,46.291,46.29,6.2758e-05,92.124,92.124,0.00020154,138.07,157.22,19.148
0.0077942,8276,164,50.2,50.2,2.9931e-05,90.565,90.565,5.7421e-05,138.38,157.22,18.838
0.0077942,8377.2,165,48.461,48.461,8.8869e-05,95.895,95.896,0.00057693,138.68,157.22,18.534
0.0077942,8479.1,166,47.484,47.484,0.00023798,71.034,71.034,4.3186e-05,138.98,157.22,18.234
0.0077942,8581.6,167,46.71,46.71,4.528e-06,96.749,96.75,0.00093494,139.28,157.22,17.938
0.0077942,8684.6,168,48.666,48.666,0.00024375,86.018,86.018,1.6139e-06,139.57,157.22,17.647
0.0077942,8788.3,169,47.36,47.36,9.8618e-05,92.064,92.065,0.00011756,139.86,157.22,17.36
0.0077942,8892.6,170,46.139,46.139,9.8544e-05,79.742,79.741,0.00021239,140.14,157.22,17.078
0.0077942,8997.6,171,48.875,48.875,7.0876e-05,87.352,87.352,0.00035888,140.42,157.22,16.8
0.0077942,9103.1,172,49.764,49.764,0.00015357,96.912,96.911,0.00096596,140.69,157.22,16.526
0.0077942,9209.3,173,51.06,51.06,0.0002833,69.983,69.983,4.7794e-06,140.96,157.22,16.256
0.0077942,9316,174,50.7,50.7,8.3207e-05,97.563,97.563,2.6363e-05,141.23,157.22,15.99
0.0077942,9423.4,175,45.89,45.89,2.7815e-05,93.159,93.158,0.00050723,141.49,157.22,15.728
0.0077942,9531.4,176,49.794,49.794,1.816e-05,96.619,96.619,0.00015926,141.75,157.22,15.471
0.0077942,9640.1,177,51.11,51.11,0.00028295,73.771,73.771,0.00028118,142,157.22,15.217
0.0077942,9749.3,178,50.936,50.936,1.0904e-05,97.883,97.883,7.3013e-05,142.25,157.22,14.967
0.0077942,9859.1,179,45.925,45.925,4.7804e-05,77.908,77.908,0.00030054,142.5,157.22,14.72
0.0077942,9969.6,180,47.148,47.148,7.1262e-05,76.096,76.096,0.00016601,142.74,157.22,14.478
0.0077942,10081,181,49.331,49.331,1.5838e-05,97.269,97.269,5.8126e-05,142.98,157.22,14.239
0.0077942,10192,182,46.395,46.395,1.0577e-05,99.103,99.103,0.00032323,143.21,157.22,14.003
0.0077942,10305,183,51.181,51.181,5.0102e-05,80.49,80.491,0.00025168,143.45,157.22,13.771
0.0077942,10418,184,46.112,46.112,9.8949e-06,97.801,97.801,0.00031978,143.67,157.22,13.543
0.0077942,10531,185,48.502,48.502,2.6629e-05,84.482,84.481,0.00025482,143.9,157.22,13.317
0.0077942,10645,186,51.211,51.211,0.00028222,99.342,99.341,0.0015664,144.12,157.22,13.096
0.0077942,10760,187,49.563,49.563,4.6145e-05,99.747,99.747,0.00018193,144.34,157.22,12.877
0.0077942,10875,188,47.058,47.058,3.2553e-05,99.462,99.462,2.4428e-05,144.56,157.22,12.662
0.0077942,10991,189,45.879,45.879,5.5666e-05,98.06,98.06,0.00032342,144.77,157.22,12.45
0.0077942,11108,190,51.251,51.251,0.00028192,75.837,75.837,1.1614e-05,144.98,157.22,12.241
0.0077942,11225,191,46.31,46.31,3.4334e-05,82.052,82.052,0.00037473,145.18,157.22,12.035
0.0077942,11343,192,50.519,50.519,3.5606e-05,98.227,98.226,0.00014073,145.39,157.22,11.832
0.0077942,11462,193,48.912,48.912,2.1778e-05,99.004,99.003,0.00076489,145.59,157.22,11.632
0.0077942,11581,194,46.182,46.182,6.232e-06,69.881,69.881,0.0001214,145.78,157.22,11.435
0.0077942,11700,195,45.916,45.916,0.0002547,71.285,71.285,5.0304e-06,145.98,157.22,11.24
0.0077942,11821,196,46.495,46.495,8.5328e-05,93.18,93.179,0.00020873,146.17,157.22,11.049
0.0077942,11942,197,51.315,51.316,0.00028143,100.97,100.97,9.7322e-07,146.36,157.22,10.86
0.0077942,12063,198,49.126,49.126,0.00025941,71.356,71.355,0.00023156,146.54,157.22,10.674
0.0077942,12185,199,49.131,49.131,1.6772e-05,86.857,86.857,0.00017286,146.73,157.22,10.491
0.0077942,12308,200,50.774,50.774,4.9164e-05,71.358,71.358,0.00027305,146.91,157.22,10.311
0.0077942,12432,201,50.78,50.78,2.6362e-06,95.416,95.415,0.00031598,147.08,157.22,10.133
0.0077942,12556,202,47.823,47.823,0.00010275,92.939,92.94,0.00098,147.26,157.22,9.957
0.0077942,12680,203,50.056,50.056,0.00023023,93.395,93.395,5.9704e-05,147.43,157.22,9.784
0.0077942,12805,204,45.946,45.946,0.00022971,81.408,81.407,6.8728e-05,147.6,157.22,9.6135
0.0077942,12931,205,51.381,51.381,0.00028092,101.82,101.82,0.00048719,147.77,157.22,9.4453
0.0077942,13058,206,49.358,49.358,3.9545e-05,100.16,100.16,9.7515e-05,147.94,157.22,9.2795
0.0077942,13185,207,46.258,46.258,5.6143e-05,77.592,77.592,0.00041588,148.1,157.22,9.1161
0.0077942,13312,208,45.965,45.966,0.00023036,70.463,70.463,0.00032447,148.26,157.22,8.9549
0.0077942,13441,209,46.119,46.119,2.0191e-05,95.673,95.673,0.00016476,148.42,157.22,8.796
0.0077942,13570,210,48.175,48.175,4.778e-05,87.938,87.939,0.00083515,148.58,157.22,8.6393
0.0077942,13699,211,48.014,48.014,6.0852e-05,102.3,102.3,0.0002145,148.73,157.22,8.4848
0.0077942,13829,212,47.856,47.856,3.0203e-05,92.775,92.775,0.00031407,148.88,157.22,8.3325
0.0077942,13960,213,46.745,46.745,0.00015796,93.661,93.662,0.0003923,149.03,157.22,8.1822
0.0077942,14092,214,50.314,50.314,3.9762e-05,98.688,98.687,0.00095494,149.18,157.22,8.034
0.0077942,14224,215,47.284,47.284,7.4617e-05,84.96,84.959,0.00035521,149.33,157.22,7.8878
0.0077942,14356,216,49.598,49.598,3.4008e-05,71.73,71.73,0.00018632,149.47,157.22,7.7437
0.0077942,14489,217,46.92,46.92,9.3091e-06,102.9,102.9,0.00010746,149.62,157.22,7.6015
0.0077942,14623,218,51.281,51.282,4.5919e-05,102.94,102.94,1.3812e-05,149.76,157.22,7.4612
0.0077942,14758,219,48.735,48.735,5.3685e-05,98.44,98.44,0.00013925,149.89,157.22,7.3229
0.0077942,14893,220,51.485,51.485,0.00028008,101.58,101.58,0.00062981,150.03,157.22,7.1864
0.0077942,15029,221,46.175,46.175,7.5414e-06,99.713,99.712,0.00022583,150.17,157.22,7.0517
0.0077942,15165,222,46.178,46.178,4.4647e-06,75.326,75.326,7.5841e-05,150.3,157.22,6.9189
0.0077942,15302,223,46.334,46.334,0.00019395,89.039,89.039,0.00029834,150.43,157.22,6.7878
0.0077942,15439,224,47.589,47.589,4.4233e-06,103.51,103.51,0.00076142,150.56,157.22,6.6585
0.0077942,15578,225,46.493,46.493,3.9323e-05,86.41,86.41,0.00038341,150.69,157.22,6.5309
0.0077942,15716,226,48.943,48.943,0.0001762,74.002,74.002,8.4396e-05,150.81,157.22,6.405
0.0077942,15856,227,49.839,49.839,9.974e-05,76.805,76.805,0.00015937,150.94,157.22,6.2808
0.0077942,15996,228,47.126,47.126,4.4969e-05,86.444,86.445,0.00070214,151.06,157.22,6.1582
0.0077942,16136,229,49.847,49.847,3.1871e-05,86.014,86.014,2.1186e-05,151.18,157.22,6.0372
0.0077942,16278,230,51.543,51.543,0.0002796,99.154,99.154,0.00020157,151.3,157.22,5.9178
0.0077942,16419,231,51.549,51.549,0.00027956,82.769,82.768,0.00081839,151.42,157.22,5.7999
0.0077942,16562,232,51.554,51.554,0.00027951,104.12,104.12,0.0004376,151.53,157.22,5.6836
0.0077942,16705,233,46.074,46.075,8.4093e-05,88.293,88.293,0.00029081,151.65,157.22,5.5688
0.0077942,16849,234,47.47,47.47,2.7265e-05,103.13,103.13,0.00032665,151.76,157.22,5.4555
0.0077942,16993,235,47.472,47.472,1.7052e-05,94.75,94.75,0.0001767,151.87,157.22,5.3436
0.0077942,17138,236,49.164,49.164,0.00013166,101.31,101.31,0.00049239,151.98,157.22,5.2332
0.0077942,17283,237,46.237,46.237,3.3415e-05,87.899,87.899,0.00028295,152.09,157.22,5.1242
0.0077942,17430,238,51.585,51.585,0.00027925,77.701,77.701,0.00015577,152.2,157.22,5.0165
0.0077942,17576,239,49.171,49.171,0.00014474,104.34,104.34,7.3757e-05,152.31,157.22,4.9103
0.0077942,17724,240,49.175,49.175,8.2986e-05,69.901,69.902,0.00053138,152.41,157.22,4.8053
0.0077942,17872,241,51.599,51.599,0.00027913,80.484,80.484,0.00054966,152.52,157.22,4.7017
0.0077942,18020,242,46.761,46.761,1.4433e-05,104.77,104.77,9.9747e-05,152.62,157.22,4.5994
0.0077942,18170,243,50.841,50.841,2.0072e-05,93.826,93.826,0.00020911,152.72,157.22,4.4984
0.0077942,18319,244,50.097,50.097,8.2717e-05,104.5,104.5,0.00039819,152.82,157.22,4.3987
0.0077942,18470,245,46.114,46.114,0.00010327,101.55,101.55,3.496e-05,152.92,157.22,4.3002
0.0077942,18621,246,46.417,46.417,0.00018287,69.991,69.991,0.00040542,153.01,157.22,4.2029
0.0077942,18773,247,49.387,49.387,1.0777e-05,99.847,99.847,0.00030177,153.11,157.22,4.1068
0.0077942,18925,248,49.389,49.389,6.646e-06,93.904,93.904,6.3148e-05,153.21,157.22,4.0119
0.0077942,19078,249,49.393,49.393,0.0001268,71.15,71.15,8.1733e-05,153.3,157.22,3.9181
0.0077942,19231,250,47.366,47.366,7.6351e-05,103.95,103.95,0.0011461,153.39,157.22,3.8255
0.0077942,19386,251,47.367,47.367,3.4203e-05,105.37,105.37,0.00014367,153.48,157.22,3.7341
0.0077942,19540,252,47.054,47.054,1.6509e-05,105.07,105.07,0.00059805,153.57,157.22,3.6437
0.0077942,19696,253,46.591,46.591,4.4192e-05,91.689,91.689,8.8552e-05,153.66,157.22,3.5545
0.0077942,19852,254,46.593,46.593,9.1297e-05,92.635,92.635,5.8356e-05,153.75,157.22,3.4663
0.0077942,20008,255,46.595,46.595,0.00025904,101.77,101.77,0.00016922,153.84,157.22,3.3792
0.0077942,20166,256,51.664,51.664,0.00027858,89.01,89.01,0.00017325,153.92,157.22,3.2931
0.0077942,20324,257,51.667,51.668,0.00027854,102.99,102.99,0.00055429,154.01,157.22,3.208
0.0077942,20482,258,48.212,48.212,0.00014188,85.406,85.406,0.00027223,154.09,157.22,3.124
0.0077942,20641,259,48.384,48.384,5.5266e-05,91.329,91.328,0.00036896,154.18,157.22,3.0409
0.0077942,20801,260,48.387,48.387,5.2829e-05,95.756,95.756,0.00037034,154.26,157.22,2.9589
0.0077942,20961,261,48.389,48.389,3.3581e-05,82.321,82.321,0.00026244,154.34,157.22,2.8778
0.0077942,21122,262,48.055,48.055,9.2985e-06,105.99,105.99,0.0001362,154.42,157.22,2.7976
0.0077942,21284,263,51.108,51.108,8.4509e-06,106,106,0.00028848,154.5,157.22,2.7184
0.0077942,21446,264,48.57,48.57,3.113e-05,80.193,80.193,0.00028757,154.58,157.22,2.6402
0.0077942,21609,265,50.359,50.359,1.4965e-06,98.165,98.165,6.5036e-05,154.65,157.22,2.5628
0.0077942,21772,266,47.902,47.902,2.7002e-06,105.27,105.27,2.7196e-05,154.73,157.22,2.4863
0.0077942,21936,267,47.904,47.904,7.3084e-05,106.17,106.17,0.00022689,154.81,157.22,2.4107
0.0077942,22101,268,47.906,47.906,6.184e-05,103.99,103.99,0.000162,154.88,157.22,2.336
0.0077942,22266,269,51.711,51.711,0.00027816,78.157,78.157,4.2123e-05,154.95,157.22,2.2621
0.0077942,22432,270,51.714,51.715,0.00027814,105.14,105.14,8.3992e-06,155.03,157.22,2.1891
0.0077942,22598,271,48.762,48.763,7.7406e-05,103.68,103.68,0.00089932,155.1,157.22,2.1169
0.0077942,22765,272,48.765,48.764,0.00012495,78.98,78.98,0.00017352,155.17,157.22,2.0455
0.0077942,22933,273,48.766,48.766,0.00014813,76.052,76.051,0.00038423,155.24,157.22,1.975
0.0077942,23101,274,48.769,48.769,8.5866e-05,101.32,101.32,0.00027684,155.31,157.22,1.9052
0.0077942,23270,275,47.275,47.275,8.0433e-05,106.6,106.6,0.00015251,155.38,157.22,1.8362
0.0077942,23440,276,47.275,47.275,0.00014903,75.501,75.501,9.5746e-05,155.45,157.22,1.768
0.0077942,23610,277,47.765,47.765,2.3167e-05,73.18,73.18,0.00027671,155.52,157.22,1.7006
0.0077942,23781,278,46.2,46.2,1.4919e-05,100.09,100.09,0.00018025,155.58,157.22,1.6339
0.0077942,23952,279,47.768,47.768,1.8773e-05,70.244,70.245,0.00014816,155.65,157.22,1.5679
0.0077942,24124,280,46.504,46.504,1.1278e-05,104.98,104.98,0.0010306,155.71,157.22,1.5027
0.0077942,24297,281,46.507,46.507,6.2571e-05,106.07,106.07,0.00037614,155.78,157.22,1.4381
0.0077942,24470,282,51.752,51.752,0.0002778,79.016,79.016,0.00016494,155.84,157.22,1.3743
0.0077942,24644,283,49.864,49.864,0.00013559,105.02,105.02,0.00023816,155.91,157.22,1.3112
0.0077942,24818,284,51.369,51.369,7.0233e-06,106.79,106.79,0.00067731,155.97,157.22,1.2488
0.0077942,24993,285,51.371,51.371,4.8041e-06,105.78,105.78,0.00075551,156.03,157.22,1.1871
0.0077942,25169,286,48.973,48.973,6.7655e-05,87.42,87.42,0.00058229,156.09,157.22,1.126
0.0077942,25345,287,51.375,51.375,9.2991e-05,102.75,102.75,0.0003738,156.15,157.22,1.0656
0.0077942,25522,288,49.873,49.873,5.0996e-06,106.86,106.86,0.00013004,156.21,157.22,1.0058
0.0077942,25700,289,49.875,49.875,3.7753e-05,98.932,98.931,0.00067819,156.27,157.22,0.94666
0.0077942,25878,290,50.62,50.62,0.00017019,98.061,98.061,0.0001058,156.33,157.22,0.88816
0.0077942,26057,291,46.375,46.375,1.415e-05,92.56,92.56,0.00011049,156.39,157.22,0.83029
0.0077942,26236,292,46.994,46.994,3.902e-05,98.531,98.531,0.00040549,156.44,157.22,0.77303
0.0077942,26416,293,46.996,46.996,0.00010004,105.19,105.19,0.00010607,156.5,157.22,0.71637
0.0077942,26597,294,47.639,47.638,0.00010716,76.278,76.278,0.00046388,156.56,157.22,0.66032
0.0077942,26778,295,47.641,47.641,7.6672e-05,71.09,71.091,0.00029057,156.61,157.22,0.60485
0.0077942,26960,296,47.641,47.641,9.0932e-05,96.302,96.302,0.00040939,156.67,157.22,0.54996
0.0077942,27142,297,46.89,46.89,4.6352e-05,107.35,107.35,0.0003982,156.72,157.22,0.49565
0.0077942,27325,298,46.694,46.694,6.823e-06,107.33,107.33,0.00025917,156.78,157.22,0.4419
0.0077942,27509,299,46.696,46.696,0.00012862,76.288,76.288,9.9965e-06,156.83,157.22,0.38871
0.0077942,27693,300,51.8,51.8,0.00027737,94.955,94.954,0.00013049,156.88,157.22,0.33607
0.0077942,27878,301,47.489,47.489,0.00018505,107.44,107.44,0.00049939,156.93,157.22,0.28397
0.0077942,28064,302,46.097,46.097,2.8222e-05,104.56,104.56,3.0873e-05,156.98,157.22,0.23241
0.0077942,28250,303,47.491,47.491,3.3566e-05,86.136,86.135,0.00025105,157.04,157.22,0.18137
0.0077942,28437,304,46.099,46.098,0.00016348,72.632,72.631,0.00092107,157.09,157.22,0.13086
0.0077942,28624,305,46.1,46.1,1.1572e-05,91.729,91.729,0.00040905,157.14,157.22,0.080855
0.0077942,28812,306,49.191,49.191,2.19e-05,107.82,107.82,6.0707e-05,157.19,157.22,0.031361
0.0077942,29001,307,46.105,46.105,3.1127e-05,82.998,82.998,0.00031139,157.22,157.22,0.00027896
0.0077942,29190,308,46.254,46.254,3.0363e-05,103.04,103.04,5.7645e-05,157.22,157.23,0.0014903
0.0077942,29380,309,51.627,51.627,8.4964e-05,107.87,107.87,0.00019692,157.25,157.25,0.00096389
0.0077942,29570,310,46.108,46.108,1.0116e-05,81.226,81.225,0.00059546,157.3,157.3,6.1328e-05
0.0077942,29761,311,51.825,51.826,0.00027714,104.3,104.3,4.7231e-05,157.37,157.37,0.0011495
0.0077942,29953,312,51.633,51.633,0.00024346,100.27,100.27,6.1313e-05,157.34,157.34,0.0021985
0.0077942,30145,313,51.633,51.633,6.0414e-07,106.23,106.23,0.00064564,157.34,157.34,0.0038261
0.0077942,30338,314,46.115,46.115,3.0295e-05,87.579,87.579,0.00024127,157.43,157.43,0.00046845
0.0077942,30532,315,47.192,47.192,5.3658e-05,91.33,91.331,0.00021699,157.43,157.43,7.4343e-05
0.0077942,30726,316,47.193,47.193,0.00018059,106.63,106.63,0.00024198,157.34,157.34,0.00016872
0.0077942,30921,317,47.195,47.195,6.9568e-05,83.71,83.711,0.0006516,157.38,157.38,0.00026828
0.0077942,31116,318,51.84,51.84,0.00027701,107.68,107.68,0.00064238,157.25,157.25,0.00046398
0.0077942,31312,319,47.197,47.196,0.00021127,71.186,71.186,4.9872e-05,157.79,157.78,0.0020333
0.0077942,31509,320,51.426,51.426,0.0002074,107.46,107.46,0.00018369,157.81,157.81,0.00025371
0.0077942,31706,321,51.428,51.428,0.00015747,93.718,93.719,0.00040136,157.55,157.55,0.00020267
0.0077942,31904,322,51.653,51.653,8.0695e-05,99.727,99.727,0.00023488,157.67,157.68,0.0027388
0.0077942,32102,323,47.525,47.525,6.4279e-05,101.07,101.07,0.00077738,157.22,157.22,0.00070633
0.0077942,32302,324,46.129,46.129,1.6255e-06,108.41,108.41,0.0010449,157.82,157.82,0.00072983
0.0077942,32501,325,47.528,47.528,1.1371e-05,108.1,108.1,0.00053079,157.3,157.3,7.1646e-05
0.0077942,32702,326,46.13,46.13,0.00012244,98.394,98.394,7.7709e-05,157.7,157.7,0.0011258
0.0077942,32902,327,47.53,47.53,3.8037e-05,97.945,97.944,0.00029532,157.88,157.87,0.0022946
0.0077942,33104,328,50.889,50.89,0.00026447,107.5,107.5,0.0002626,157.43,157.43,0.00067621
0.0077942,33306,329,50.891,50.891,0.00025084,75.963,75.963,0.00016735,157.87,157.87,0.00020157
0.0077942,33509,330,49.413,49.413,7.0255e-05,73.519,73.519,4.2691e-05,158.16,158.16,0.00027026
0.0077942,33712,331,50.895,50.895,1.1152e-05,108.5,108.5,0.00016496,157.3,157.3,0.00089586
0.0077942,33916,332,50.896,50.896,0.00019466,108.52,108.52,8.4859e-05,157.34,157.34,0.0031285
0.0077942,34121,333,46.593,46.593,3.9239e-05,70.531,70.531,9.1599e-05,158.35,158.35,0.00056612
0.0077942,34326,334,46.594,46.594,0.00018139,85.8,85.802,0.0015994,158.31,158.3,0.004773
0.0077942,34532,335,46.595,46.595,3.3404e-05,83.044,83.045,0.00078393,158.43,158.43,0.00014447
0.0077942,34739,336,46.595,46.595,0.00017433,70.122,70.122,0.00010332,157.23,157.23,0.00062399
0.0077942,34946,337,46.596,46.597,4.9864e-05,97.092,97.092,5.6393e-05,157.99,157.99,0.00087214
0.0077942,35153,338,46.146,46.146,2.0701e-05,105.72,105.72,0.00014482,157.78,157.78,0.00028908
0.0077942,35362,339,46.448,46.448,7.9857e-06,108.29,108.29,0.00058243,158.56,158.56,0.00050026
0.0077942,35571,340,46.149,46.149,2.0544e-05,92.813,92.813,0.00024055,157.62,157.62,0.00026294
0.0077942,35780,341,46.449,46.449,3.8563e-05,83.09,83.09,0.00013596,158.56,158.56,0.0031527
0.0077942,35990,342,46.15,46.15,1.5853e-05,105.81,105.81,0.00026628,157.69,157.69,0.00093461
0.0077942,36201,343,46.451,46.451,0.00020666,85.174,85.174,8.5207e-06,157.7,157.7,0.0019574
0.0077942,36412,344,51.887,51.887,0.00014106,77.869,77.87,0.00070101,158.19,158.19,0.0023482
0.0077942,36624,345,47.074,47.074,0.00012655,81.695,81.696,0.0007413,157.46,157.46,0.00051658
0.0077942,36837,346,46.305,46.305,4.5889e-06,104.84,104.84,3.4203e-05,158.43,158.43,0.0017938
0.0077942,37050,347,46.306,46.306,9.9576e-06,109.02,109.01,0.0012157,157.83,157.83,0.0024215
0.0077942,37264,348,47.076,47.076,1.6824e-05,108.7,108.7,0.00049998,157.55,157.55,0.00096005
0.0077942,37479,349,51.895,51.895,0.0002765,92.924,92.923,0.00026709,157.23,157.23,0.0038814
0.0077942,37694,350,46.308,46.308,8.9437e-05,84.015,84.015,0.00016819,158.7,158.7,0.00080904
0.0077942,37909,351,51.898,51.898,0.00027647,109.04,109.04,9.5675e-05,158.59,158.59,0.0008706
0.0077942,38126,352,51.9,51.9,0.00027646,85.86,85.86,1.7029e-05,158.99,158.99,0.00048507
0.0077942,38343,353,51.901,51.901,0.00027644,85.868,85.868,0.00067896,157.71,157.7,0.0052701
0.0077942,38560,354,48.236,48.236,0.00010628,109.09,109.09,0.00018775,158.3,158.3,0.00025997
0.0077942,38778,355,48.238,48.237,0.00026256,107.06,107.06,0.00022005,158.08,158.08,0.0012618
0.0077942,38997,356,46.31,46.31,1.3462e-05,90.583,90.583,0.00018513,159.07,159.07,0.00057339
0.0077942,39217,357,49.436,49.436,2.756e-05,109.11,109.11,0.00010978,158.83,158.83,0.00039635
0.0077942,39437,358,46.312,46.312,4.6749e-06,95.807,95.807,7.8405e-07,158.19,158.19,0.00013351
0.0077942,39657,359,46.169,46.169,8.3084e-06,77.959,77.958,0.00032333,158.83,158.83,9.3281e-05
0.0077942,39878,360,46.17,46.17,0.0001182,95.347,95.346,0.00045819,157.55,157.55,0.00066951
0.0077942,40100,361,46.171,46.171,5.527e-05,88.701,88.701,0.00012871,158,158.01,0.0022204
0.0077942,40323,362,51.033,51.033,0.0001652,81.8,81.799,0.00063875,158.3,158.3,0.0042193
0.0077942,40546,363,51.035,51.035,5.9692e-06,106.01,106.01,0.00023064,157.43,157.43,0.0001679
0.0077942,40770,364,46.172,46.172,0.00027436,79.627,79.627,6.9835e-05,158.61,158.61,0.00090277
0.0077942,40994,365,51.037,51.037,4.8796e-05,76.775,76.774,0.00020508,159.15,159.15,0.0013575
0.0077942,41219,366,51.919,51.92,0.00027627,100.94,100.94,0.00025747,159.09,159.09,0.00099647
0.0077942,41444,367,51.921,51.921,0.00027626,108.58,108.58,0.0018254,157.34,157.34,0.0024682
0.0077942,41670,368,51.922,51.922,0.00027625,105.25,105.25,2.4287e-05,158.19,158.19,0.00093097
0.0077942,41897,369,51.923,51.924,0.00027624,102.74,102.74,1.2112e-05,157.23,157.23,5.8097e-05
0.0077942,42125,370,51.925,51.925,0.00027622,103.17,103.17,0.00018943,157.25,157.25,0.004553
0.0077942,42353,371,51.926,51.926,0.00027621,69.904,69.904,0.0002001,159.48,159.48,0.00027957
0.0077942,42581,372,48.417,48.417,5.1834e-05,109.55,109.55,0.00037876,157.3,157.3,0.00036201
0.0077942,42811,373,48.249,48.249,3.1915e-05,94.93,94.929,0.00053071,157.49,157.49,0.00012052
0.0077942,43040,374,48.419,48.419,8.8388e-06,104.05,104.05,0.00082386,158.62,158.62,8.7129e-05
0.0077942,43271,375,48.25,48.25,8.2234e-07,99.599,99.6,0.00048935,158.62,158.62,0.00010682
0.0077942,43502,376,48.421,48.421,3.0738e-05,71.446,71.445,0.00081498,158.39,158.4,0.0064925
0.0077942,43734,377,48.42,48.421,4.8315e-05,109.3,109.3,0.00020486,159.66,159.66,0.0018246
0.0077942,43966,378,50.392,50.392,3.8239e-05,109.31,109.31,0.00023565,158.69,158.7,0.0016068
0.0077942,44199,379,48.422,48.422,4.5306e-05,99.19,99.19,0.00010235,157.46,157.47,0.0025008
0.0077942,44432,380,50.392,50.392,5.4594e-06,106.52,106.52,9.0178e-06,158.19,158.19,0.00015964
0.0077942,44667,381,49.656,49.656,4.3803e-05,101.03,101.03,0.00040644,157.87,157.87,0.00023864
0.0077942,44901,382,48.598,48.598,1.6883e-05,104.52,104.52,0.0010611,157.7,157.7,0.0018901
0.0077942,45137,383,48.599,48.599,5.9266e-05,72.97,72.97,9.4222e-06,157.55,157.55,0.0020741
0.0077942,45373,384,48.6,48.6,5.283e-05,101.5,101.49,0.00048056,159.12,159.12,1.8409e-05
0.0077942,45609,385,48.601,48.601,2.1795e-05,83.639,83.639,9.2666e-05,158.3,158.3,0.0029154
0.0077942,45847,386,48.602,48.602,9.6098e-05,98.768,98.768,0.00010848,158.56,158.56,0.00010628
0.0077942,46084,387,46.802,46.802,1.8848e-05,109.69,109.69,0.00053968,159.98,159.98,0.00057747
0.0077942,46323,388,48.092,48.093,4.6265e-06,90.208,90.208,0.00016175,159.98,159.98,0.000664
0.0077942,46562,389,46.195,46.195,1.8887e-05,109.41,109.41,0.0010289,158.7,158.7,0.00022699
0.0077942,46802,390,51.165,51.165,7.3228e-05,109.41,109.41,0.00011818,157.31,157.31,0.00050061
0.0077942,47042,391,46.804,46.804,2.7643e-06,106.99,106.99,0.00037137,158.3,158.3,0.0027944
0.0077942,47283,392,51.167,51.167,1.7898e-05,73.275,73.275,4.0452e-05,157.46,157.47,0.005346
0.0077942,47525,393,46.196,46.196,0.00024817,98.325,98.325,2.1979e-05,159.85,159.85,0.0039224
0.0077942,47767,394,46.197,46.197,0.00019195,94.55,94.55,0.00013309,159.99,159.99,0.0019824
0.0077942,48009,395,51.169,51.168,6.6389e-05,105.02,105.02,0.0015718,157.97,157.97,0.0027751
0.0077942,48253,396,51.072,51.072,0.00013342,105.45,105.45,0.00050269,157.43,157.43,0.0040851
0.0077942,48497,397,51.171,51.17,0.00013208,97.871,97.87,0.00034853,158.22,158.22,0.00025783
0.0077942,48742,398,47.124,47.124,8.5572e-06,79.776,79.776,9.3297e-05,157.58,157.58,0.00082255
0.0077942,48987,399,47.124,47.124,4.5444e-06,94.56,94.559,0.00057861,157.49,157.49,0.0032723
0.0077942,49233,400,47.126,47.126,9.6192e-05,108.16,108.15,0.00059959,160,160,0.00056671
0.0077942,49479,401,47.126,47.126,0.00011411,102.93,102.93,0.00067679,159.49,159.48,0.0074333
0.0077942,49726,402,47.126,47.126,5.3998e-06,109.8,109.8,0.00023792,159.71,159.71,0.0055198
0.0077942,49974,403,47.126,47.126,0.0001481,107.43,107.43,0.00053275,158.99,158.99,0.0034918
0.0077942,50222,404,48.791,48.791,8.5244e-05,75.302,75.302,2.7494e-05,158.7,158.7,0.00046942
0.0077942,50471,405,47.128,47.128,1.9717e-05,108.87,108.87,6.9485e-05,157.71,157.71,0.00014985
0.0077942,50721,406,48.792,48.792,5.4453e-05,73.919,73.919,7.6767e-05,160.04,160.04,0.00018578
0.0077942,50971,407,48.793,48.793,4.9724e-05,89.303,89.303,3.5835e-05,158.04,158.04,0.00039676
0.0077942,51222,408,48.794,48.794,7.826e-05,88.353,88.353,0.0001105,158.43,158.43,7.3323e-05
0.0077942,51473,409,47.944,47.944,9.5855e-05,80.556,80.555,0.00021439,160.44,160.44,0.00073241
0.0077942,51725,410,48.794,48.794,1.7059e-05,72.142,72.142,9.0535e-05,157.31,157.31,0.00060581
0.0077942,51978,411,48.794,48.794,3.1671e-06,106.33,106.33,0.0011852,160.34,160.34,7.3878e-05
0.0077942,52231,412,47.946,47.946,0.00016183,90.545,90.544,0.0011028,159.16,159.16,0.0019343
0.0077942,52485,413,47.947,47.947,0.00011011,109.67,109.68,0.00037157,159.73,159.72,0.0039723
0.0077942,52739,414,47.947,47.947,1.1429e-05,74.545,74.545,0.00034088,157.87,157.87,0.0011214
0.0077942,52994,415,46.363,46.363,1.1184e-05,109.59,109.59,6.5337e-06,157.34,157.34,0.00049452
0.0077942,53250,416,47.947,47.947,0.00014075,97.477,97.479,0.0012474,160.03,160.03,1.5914e-05
0.0077942,53506,417,46.364,46.364,6.5624e-05,109.69,109.69,0.00015308,157.43,157.43,0.005675
0.0077942,53763,418,47.949,47.949,4.9442e-05,110.21,110.21,0.00041058,158.23,158.23,0.00046082
0.0077942,54021,419,46.364,46.364,4.3245e-05,107.91,107.91,0.00027788,160.04,160.04,0.0013214
0.0077942,54279,420,51.978,51.978,0.00027572,110.24,110.24,2.9029e-05,157.47,157.47,3.769e-05
0.0077942,54538,421,46.365,46.365,0.00016785,92.951,92.951,0.00017444,157.87,157.87,0.00018324
0.0077942,54797,422,46.366,46.366,0.00010466,106.78,106.78,2.5583e-05,160.7,160.7,0.0051532
0.0077942,55057,423,51.981,51.981,0.00027569,77.622,77.622,5.4104e-05,160.7,160.7,0.0013793
0.0077942,55318,424,51.981,51.982,0.00027569,106.9,106.9,5.9041e-05,160.65,160.65,0.0023564
0.0077942,55579,425,51.982,51.983,0.00027568,110.26,110.26,0.0002872,159.31,159.31,4.6493e-06
0.0077942,55841,426,51.983,51.983,0.00027567,107.19,107.19,0.000118,160.71,160.71,0.00094752
0.0077942,56103,427,48.635,48.635,0.00020666,109.67,109.67,0.00031211,160.37,160.37,0.0012617
0.0077942,56366,428,48.635,48.635,3.2513e-05,107.21,107.21,0.0001946,158.56,158.56,0.0034041
0.0077942,56630,429,48.635,48.636,0.00022663,71.012,71.013,0.00050128,159.45,159.45,0.00028214
0.0077942,56894,430,48.636,48.636,9.2505e-06,97.042,97.042,0.00056349,159.15,159.15,0.0015912
0.0077942,57159,431,47.023,47.023,8.3336e-05,109.99,109.99,7.9137e-05,159.48,159.48,0.00054241
0.0077942,57425,432,47.024,47.024,1.5018e-05,103.06,103.06,0.00028245,160.06,160.06,0.0013998
0.0077942,57691,433,46.525,46.525,5.5163e-06,108.34,108.34,4.0159e-05,160.06,160.06,0.0005085
0.0077942,57958,434,46.525,46.526,3.9535e-05,109.04,109.04,0.00050528,159.46,159.46,0.00012437
0.0077942,58225,435,46.224,46.224,8.3784e-05,102.64,102.64,4.9986e-05,157.7,157.7,0.00064081
0.0077942,58493,436,46.527,46.527,1.3566e-05,70.809,70.809,0.00023314,159.85,159.85,0.0044064
0.0077942,58762,437,46.527,46.527,5.2647e-05,110.35,110.35,0.00023974,160.87,160.87,0.00082329
0.0077942,59031,438,46.527,46.527,3.8483e-05,108.73,108.73,0.00018012,158.92,158.92,0.00042255
0.0077942,59301,439,46.226,46.226,8.2113e-05,79.164,79.164,0.00028412,157.7,157.7,0.0014017
0.0077942,59571,440,46.226,46.226,3.4085e-05,104.41,104.41,8.2401e-05,157.25,157.25,0.00097688
0.0077942,59843,441,46.528,46.528,0.00016738,96.603,96.603,0.00034849,157.78,157.78,0.00064049
0.0077942,60114,442,46.529,46.529,7.1143e-05,89.862,89.862,6.2652e-05,158.3,158.3,0.00084275
0.0077942,60387,443,46.227,46.228,2.7372e-05,95.448,95.448,2.1372e-05,160.44,160.44,0.0034124
0.0077942,60659,444,46.228,46.228,0.00020521,101.3,101.31,0.00031047,157.3,157.3,0.0015249
0.0077942,60933,445,48.994,48.995,6.6288e-05,93.722,93.721,0.0016162,157.31,157.31,0.0010319
0.0077942,61207,446,48.995,48.995,0.00016588,93.728,93.728,0.00010938,160.73,160.74,0.0007242
0.0077942,61482,447,48.996,48.996,7.9336e-05,88.906,88.906,0.00029571,158.84,158.84,0.00039904
0.0077942,61757,448,48.996,48.996,0.00013438,105.28,105.28,0.0005944,157.88,157.88,0.001815
0.0077942,62033,449,48.996,48.996,2.9986e-05,70.831,70.832,0.00035133,160.87,160.87,0.0025048
0.0077942,62310,450,48.998,48.998,8.1621e-06,70.068,70.068,0.00074253,161.1,161.1,4.9829e-05
0.0077942,62587,451,46.688,46.688,9.6981e-05,110.71,110.71,0.00050799,158.3,158.3,0.0012147
0.0077942,62865,452,49.897,49.897,4.8545e-05,108.79,108.79,5.1545e-05,159.47,159.47,0.00029812
0.0077942,63144,453,48.997,48.997,9.4375e-06,100.88,100.88,0.00059928,159.49,159.48,0.0028491
0.0077942,63423,454,46.689,46.689,8.0429e-06,71.655,71.656,0.00046702,158.93,158.94,0.00095457
0.0077942,63702,455,46.689,46.689,1.8325e-06,74.049,74.049,0.00062256,160.87,160.87,0.0033003
0.0077942,63983,456,46.689,46.689,0.00010348,74.051,74.05,0.0013832,161.1,161.09,0.0010705
0.0077942,64264,457,46.376,46.376,1.256e-05,109.5,109.5,8.3087e-06,160.41,160.42,0.0017138
0.0077942,64545,458,49,49,1.3176e-05,69.903,69.903,0.00016242,160.65,160.65,0.0018404
0.0077942,64827,459,46.691,46.691,6.7431e-06,69.905,69.905,0.00052773,160.44,160.44,0.0015335
0.0077942,65110,460,49.9,49.9,0.00018394,100.43,100.43,0.0001774,157.97,157.97,0.00019866
0.0077942,65394,461,49.9,49.9,3.9774e-05,93.81,93.81,0.00077675,157.49,157.49,6.6536e-05
0.0077942,65678,462,47.811,47.811,6.8534e-05,110.46,110.46,0.00072895,158.56,158.56,0.0054389
0.0077942,65962,463,47.811,47.811,2.8002e-05,78.472,78.472,0.00021887,160.24,160.24,0.00016246
0.0077942,66247,464,47.811,47.812,4.5583e-05,78.474,78.474,0.00013543,158.08,158.08,0.0004481
0.0077942,66533,465,49.903,49.902,7.1915e-05,78.476,78.476,0.00025071,160.24,160.24,0.0019575
0.0077942,66820,466,47.813,47.813,1.1632e-05,110.18,110.18,0.0011619,160.76,160.76,0.0049897
0.0077942,67107,467,47.813,47.813,0.00018541,93.816,93.816,0.00030568,161.12,161.12,0.0005056
0.0077942,67395,468,47.813,47.813,2.3789e-05,110.8,110.8,2.5126e-05,161.32,161.33,0.0021656
0.0077942,67683,469,47.813,47.813,2.7193e-05,101.84,101.84,0.00037889,158.94,158.94,0.00045303
0.0077942,67972,470,47.813,47.813,1.6317e-06,108.15,108.15,0.00015701,157.59,157.6,0.0054644
0.0077942,68261,471,47.814,47.813,0.00020686,81.499,81.499,0.00052529,157.62,157.62,0.0010004
0.0077942,68551,472,52.016,52.017,0.00027535,81.502,81.502,0.00054691,158.56,158.56,0.00044475
0.0077942,68842,473,47.815,47.815,0.00016171,100,100,0.00053016,157.62,157.62,0.00015328
0.0077942,69134,474,47.815,47.815,3.9698e-05,107.92,107.92,0.00017472,160.65,160.65,0.00020038
0.0077942,69426,475,50.657,50.657,0.00017641,100.02,100.02,3.8214e-05,161.51,161.51,0.0011487
0.0077942,69718,476,50.657,50.657,2.3482e-05,102.77,102.77,0.00084443,161.5,161.5,0.0021386
0.0077942,70012,477,50.658,50.658,0.00022213,106.64,106.64,0.00010698,160.04,160.04,8.329e-05
0.0077942,70305,478,50.658,50.658,0.00010995,86.571,86.571,0.0002206,159.8,159.8,0.001561
0.0077942,70600,479,50.659,50.659,8.626e-05,86.574,86.574,0.00019459,158.19,158.19,0.00086743
0.0077942,70895,480,46.246,46.246,2.365e-05,93.308,93.308,0.00012729,160.44,160.44,0.0007564
0.0077942,71191,481,46.246,46.246,5.3386e-05,89.047,89.047,0.00027693,161.56,161.56,0.00042466
0.0077942,71487,482,50.66,50.66,6.4366e-05,69.943,69.943,8.3122e-05,160.44,160.44,6.0783e-06
0.0077942,71784,483,50.661,50.661,2.3674e-05,81.51,81.509,0.00012884,161.32,161.33,0.0033843
0.0077942,72081,484,50.662,50.661,0.00016661,73.948,73.948,6.4658e-05,161.52,161.52,0.00070717
0.0077942,72380,485,52.024,52.024,0.00027528,110.58,110.58,0.00011218,158.3,158.3,0.00032691
0.0077942,72678,486,50.662,50.662,0.00018828,106.25,106.25,0.00022964,157.27,157.27,0.00036251
0.0077942,72978,487,50.662,50.662,1.457e-06,110.58,110.57,0.00029245,158.84,158.84,0.0026939
0.0077942,73278,488,50.475,50.475,5.3633e-05,85.176,85.176,1.2952e-05,160.8,160.8,0.00072099
0.0077942,73578,489,47.335,47.335,8.8473e-05,110.88,110.88,0.0002361,157.79,157.78,0.0017704
0.0077942,73880,490,50.662,50.662,8.4785e-05,103.7,103.7,0.00040613,161.53,161.53,0.0015636
0.0077942,74182,491,47.336,47.336,8.4378e-05,99.585,99.584,0.00025181,158.31,158.3,0.0036086
0.0077942,74484,492,47.336,47.336,8.8272e-05,70.543,70.542,0.00044766,157.22,157.22,0.00015953
0.0077942,74787,493,50.476,50.476,4.1787e-05,70.126,70.127,0.00035184,160.87,160.87,0.00025777
0.0077942,75091,494,51.438,51.438,2.7692e-05,86.595,86.595,0.00010203,161.09,161.09,0.0013366
0.0077942,75395,495,47.337,47.337,2.4714e-05,72.43,72.431,5.9813e-05,160.24,160.24,7.9796e-05
0.0077942,75700,496,50.665,50.665,0.00011054,75.347,75.348,0.00017408,161.16,161.16,0.0001298
0.0077942,76006,497,47.338,47.338,1.1283e-05,75.349,75.35,0.0004062,157.26,157.26,0.0027471
0.0077942,76312,498,51.44,51.44,1.2212e-05,84.719,84.719,0.00011998,157.38,157.38,0.00054075
0.0077942,76619,499,51.44,51.44,1.8106e-05,100.67,100.67,0.00025804,160.65,160.65,0.00014865
0.0077942,76926,500,47.338,47.338,0.00012344,95.765,95.764,0.00089137,157.89,157.89,0.0049166
0.0077942,77234,501,50.479,50.479,0.00021995,104.17,104.17,0.0004129,161.17,161.17,0.00062403
0.0077942,77543,502,50.479,50.479,6.9575e-05,109.68,109.68,8.9305e-05,158.99,158.99,0.0011233
0.0077942,77852,503,51.442,51.442,2.1082e-06,95.777,95.777,4.3671e-05,161.54,161.54,0.00066663
0.0077942,78162,504,47.339,47.339,2.7163e-05,93.348,93.348,0.00047114,158.43,158.43,0.001504
0.0077942,78472,505,47.34,47.339,0.00019141,110.94,110.94,0.00048525,161.57,161.56,0.0014789
0.0077942,78783,506,52.035,52.036,0.00027517,93.355,93.356,0.00032126,157.34,157.34,0.003176
0.0077942,79095,507,52.036,52.036,0.00027516,111.23,111.23,6.0223e-05,157.97,157.97,2.5818e-05
0.0077942,79407,508,51.444,51.444,0.00012188,99.138,99.138,9.7255e-05,160.44,160.44,0.0021576
0.0077942,79720,509,51.443,51.443,1.2775e-05,110.97,110.97,0.00019022,157.97,157.97,0.0043573
0.0077942,80034,510,51.443,51.443,0.00014347,95.789,95.789,7.4556e-05,157.49,157.48,0.0007136
0.0077942,80348,511,52.038,52.038,0.00027514,111.24,111.24,5.1065e-05,157.38,157.38,0.0012402
0.0077942,80663,512,51.444,51.444,0.00018326,99.156,99.156,6.0447e-05,161.33,161.33,0.00031164
0.0077942,80978,513,51.445,51.445,2.9689e-05,111.25,111.25,1.4601e-05,158.97,158.97,0.0042238
0.0077942,81294,514,46.258,46.258,3.5684e-05,104.64,104.64,0.00043216,161.94,161.94,0.00016501
0.0077942,81611,515,46.258,46.258,3.1822e-05,69.989,69.989,7.1563e-05,161.09,161.09,0.0018435
0.0077942,81928,516,46.259,46.259,7.432e-05,69.99,69.989,0.0013227,158.99,158.99,0.00012571
0.0077942,82246,517,46.259,46.259,0.00022152,111.28,111.28,0.0011196,161.33,161.33,0.00012456
0.0077942,82564,518,46.26,46.26,0.00013803,104.67,104.67,0.00014548,157.55,157.55,0.0020689
0.0077942,82883,519,46.26,46.26,7.5056e-06,110.7,110.7,4.648e-05,158.56,158.56,0.00013722
0.0077942,83203,520,51.448,51.448,9.747e-05,70.155,70.156,0.00027251,159.15,159.15,0.00073218
0.0077942,83523,521,46.26,46.26,3.7761e-05,70.156,70.156,0.00061622,160.48,160.49,0.0015625
0.0077942,83844,522,46.259,46.26,6.7355e-05,69.998,69.998,6.5956e-06,160.24,160.24,0.0012565
0.0077942,84166,523,46.26,46.26,3.2959e-05,111.3,111.3,3.321e-05,161.96,161.96,0.0017122
0.0077942,84488,524,49.209,49.209,3.5561e-05,83.809,83.81,0.00078681,157.49,157.49,0.00024873
0.0077942,84811,525,49.21,49.21,0.00017707,83.811,83.81,0.000451,157.6,157.6,0.0014213
0.0077942,85134,526,49.21,49.21,2.6403e-05,83.813,83.813,6.8781e-05,161.96,161.96,0.0015999
0.0077942,85458,527,49.21,49.21,6.6528e-05,86.056,86.056,5.865e-05,161.2,161.2,0.00042018
0.0077942,85783,528,46.261,46.261,3.193e-05,83.817,83.817,7.6547e-05,162.06,162.06,0.0016189
0.0077942,86108,529,46.262,46.262,0.00010554,94.69,94.69,0.0003415,158.7,158.7,0.00062449
0.0077942,86434,530,49.211,49.211,1.3776e-05,109.88,109.88,0.00021261,159.54,159.54,0.0009535
0.0077942,86760,531,49.212,49.212,0.00010277,105.12,105.12,9.8752e-05,160.65,160.65,0.002673
0.0077942,87088,532,49.212,49.212,4.2909e-05,109.09,109.09,0.00019503,159.25,159.25,0.002253
0.0077942,87415,533,49.213,49.213,0.00018777,92.907,92.907,0.00010347,158.73,158.73,0.00053259
0.0077942,87744,534,49.213,49.213,0.00022217,79.357,79.357,7.1864e-05,158.19,158.19,0.0011146
0.0077942,88073,535,49.213,49.213,7.8915e-05,110.12,110.12,0.00021469,161.98,161.98,0.00079324
0.0077942,88402,536,49.213,49.213,6.3548e-05,89.508,89.508,0.00046782,159.15,159.15,0.0037336
0.0077942,88732,537,49.212,49.212,3.1212e-05,108.37,108.37,5.9277e-05,162.06,162.06,0.00068789
0.0077942,89063,538,49.213,49.212,0.00017207,107.23,107.23,8.7409e-05,157.7,157.7,0.00023457
0.0077942,89394,539,49.213,49.213,5.1795e-05,78.514,78.514,1.3105e-05,160.23,160.24,0.0012874
0.0077942,89726,540,49.213,49.213,8.7523e-05,78.516,78.516,1.7471e-05,157.6,157.6,0.0031267
0.0077942,90059,541,49.214,49.213,0.00022607,108.4,108.4,0.00011443,160.65,160.65,0.00047668
0.0077942,90392,542,52.052,52.052,0.00027501,110.85,110.85,0.00026542,161.59,161.59,0.0010915
0.0077942,90726,543,52.052,52.052,0.000275,90.483,90.483,0.00038228,157.62,157.62,0.0011365
0.0077942,91061,544,49.215,49.215,0.00017947,111.37,111.37,0.00057257,161.33,161.33,0.0012974
0.0077942,91396,545,49.215,49.215,4.3909e-05,90.489,90.489,0.00037038,162.06,162.06,0.00019828
0.0077942,91731,546,49.215,49.215,9.0912e-05,111.36,111.36,0.00060582,159.66,159.66,0.0026305
0.0077942,92068,547,49.216,49.215,0.000225,109.82,109.83,0.001554,159.85,159.85,6.3215e-05
0.0077942,92405,548,52.054,52.054,0.00027499,109.83,109.83,0.00029371,161.59,161.59,0.0014617
0.0077942,92742,549,52.055,52.055,0.00027498,99.83,99.83,5.3194e-05,157.23,157.23,0.00020132
0.0077942,93080,550,52.055,52.055,0.00027498,105.59,105.59,0.00056341,161.81,161.81,0.00019812
0.0077942,93419,551,52.055,52.056,0.00027497,105.6,105.59,0.00098692,159.26,159.26,0.00056064
0.0077942,93759,552,52.056,52.056,0.00027497,104.73,104.73,0.00011865,161.09,161.09,0.00040308
0.0077942,94099,553,52.056,52.056,0.00027497,104.74,104.74,0.00042104,162,162,0.00014735
0.0077942,94439,554,52.057,52.057,0.00027496,77.291,77.291,5.0445e-05,158.3,158.3,0.00072928
0.0077942,94780,555,52.057,52.057,0.00027496,77.292,77.292,7.998e-05,157.7,157.7,0.00057739
0.0077942,95122,556,52.057,52.058,0.00027496,77.294,77.294,3.1156e-05,157.27,157.27,0.0043071
0.0077942,95465,557,52.058,52.058,0.00027495,95.373,95.372,0.00026458,160.51,160.51,0.00099999
0.0077942,95808,558,52.058,52.058,0.00027495,103.4,103.4,8.2224e-05,159.31,159.31,0.0034283
0.0077942,96152,559,52.058,52.059,0.00027494,105.19,105.19,0.00016587,162.32,162.32,0.0011281
0.0077942,96496,560,52.059,52.059,0.00027494,79.801,79.801,1.9431e-05,162.32,162.32,0.00036781
0.0077942,96841,561,52.059,52.059,0.00027494,111.12,111.12,0.00045623,162.06,162.06,0.0028002
0.0077942,97186,562,52.06,52.06,0.00027493,103.42,103.42,0.00078453,157.74,157.75,0.0011616
0.0077942,97533,563,52.06,52.06,0.00027493,85.338,85.338,0.00032716,160.18,160.18,0.00079787
0.0077942,97879,564,52.06,52.061,0.00027493,98.28,98.28,0.00038781,157.87,157.87,0.0043626
0.0077942,98227,565,46.423,46.424,0.00022407,107.67,107.67,0.0001221,157.88,157.87,0.0017072
0.0077942,98575,566,46.424,46.424,0.00011125,84.616,84.616,2.2812e-05,157.34,157.34,0.0023288
0.0077942,98923,567,46.424,46.424,9.6955e-07,71.224,71.224,5.516e-05,162,162,0.00097298
0.0077942,99273,568,46.424,46.424,3.7156e-05,73.019,73.019,5.1216e-05,161.23,161.24,0.00058796
0.0077942,99622,569,46.424,46.424,4.7901e-05,111.14,111.14,0.00041503,161.24,161.24,0.00029124
0.0077942,99973,570,46.424,46.424,1.2877e-05,98.286,98.286,0.00018757,157.91,157.91,2.0577e-05
0.0077942,1.0032e+05,571,46.425,46.425,9.7011e-05,106.07,106.07,0.00030666,160.24,160.24,9.5431e-05
0.0077942,1.0068e+05,572,46.425,46.425,0.00020633,102.99,102.99,0.00050233,162.41,162.41,0.0005075
0.0077942,1.0103e+05,573,46.425,46.426,0.00016902,106.06,106.06,0.0011135,159,159,0.0004619
0.0077942,1.0138e+05,574,46.426,46.426,6.0827e-05,106.06,106.07,0.00094003,157.38,157.38,9.9825e-05
0.0077942,1.0173e+05,575,46.426,46.426,4.6807e-05,111.17,111.17,3.6986e-06,162.06,162.06,0.00016513
0.0077942,1.0209e+05,576,46.426,46.426,0.00011764,108.84,108.84,0.00016239,157.39,157.39,0.0010472
0.0077942,1.0244e+05,577,46.426,46.426,1.112e-05,110.56,110.56,0.00020536,159.87,159.87,0.0015162
0.0077942,1.028e+05,578,46.426,46.426,9.4852e-05,110.56,110.56,0.0011719,159.56,159.56,5.5856e-05
0.0077942,1.0315e+05,579,46.425,46.426,3.6851e-05,106.09,106.09,1.8616e-05,162.02,162.02,0.0022099
0.0077942,1.0351e+05,580,46.426,46.426,7.3999e-06,108.04,108.04,0.00020041,162.32,162.32,0.0028437
0.0077942,1.0387e+05,581,47.689,47.689,9.5062e-05,108.87,108.87,9.1731e-05,160.53,160.53,4.7229e-05
0.0077942,1.0423e+05,582,47.689,47.689,1.3163e-05,83.908,83.908,0.00029803,160.53,160.53,0.0012337
0.0077942,1.0459e+05,583,47.689,47.689,5.2374e-05,110.59,110.59,0.00013341,159,159,0.00037632
0.0077942,1.0494e+05,584,47.689,47.689,5.4743e-05,79.207,79.208,0.0010698,158.51,158.51,0.00027113
0.0077942,1.053e+05,585,47.69,47.69,5.5895e-05,79.208,79.208,5.5018e-05,162.06,162.06,0.0004109
0.0077942,1.0566e+05,586,47.69,47.69,5.0138e-05,78.582,78.582,8.3847e-05,159.48,159.48,0.00010397
0.0077942,1.0603e+05,587,46.427,46.427,4.3537e-05,73.643,73.644,0.00030097,162.44,162.44,0.00038173
0.0077942,1.0639e+05,588,46.428,46.427,5.7139e-05,110.89,110.89,6.5105e-06,158.51,158.51,0.00017572
0.0077942,1.0675e+05,589,47.691,47.691,1.2525e-05,86.82,86.82,4.0479e-05,157.24,157.25,0.0021301
0.0077942,1.0711e+05,590,47.691,47.691,9.1388e-05,86.821,86.82,0.0003156,157.25,157.25,0.0029918
0.0077942,1.0748e+05,591,47.691,47.691,0.00019478,111.75,111.75,0.00018973,157.91,157.91,0.00069683
0.0077942,1.0784e+05,592,47.691,47.691,9.2753e-05,74.07,74.07,0.00034395,157.26,157.26,0.00051598
0.0077942,1.082e+05,593,47.692,47.692,9.5983e-06,79.848,79.848,1.8875e-05,158.56,158.56,0.00066018
0.0077942,1.0857e+05,594,47.691,47.691,9.6597e-05,72.443,72.443,0.00010741,161.09,161.09,0.00010009
0.0077942,1.0893e+05,595,47.691,47.691,4.7109e-06,72.444,72.444,0.00011088,159.66,159.66,5.872e-05
0.0077942,1.093e+05,596,47.691,47.691,0.00010551,111.78,111.78,0.00046692,159.67,159.66,0.0054645
0.0077942,1.0967e+05,597,47.691,47.691,1.1327e-05,111.78,111.78,4.1646e-05,158.56,158.56,0.0024607
0.0077942,1.1004e+05,598,47.692,47.691,8.8474e-05,86.2,86.201,0.00047385,162.44,162.44,0.0011184
0.0077942,1.104e+05,599,47.692,47.692,0.00018778,110.28,110.28,0.00013458,162.44,162.45,0.0024932
0.0077942,1.1077e+05,600,52.072,52.072,0.00027481,86.203,86.204,9.341e-05,157.3,157.3,0.00089297
0.0077942,1.1114e+05,601,52.072,52.073,0.00027481,92.979,92.978,0.00065085,158.07,158.08,0.0013208
0.0077942,1.1151e+05,602,52.073,52.073,0.0002748,111.52,111.52,0.00020325,160.65,160.65,0.00015844
0.0077942,1.1188e+05,603,47.693,47.693,0.00018758,86.208,86.208,0.00014322,160.2,160.2,3.609e-05
0.0077942,1.1226e+05,604,47.693,47.693,9.0693e-05,108.14,108.14,3.2365e-05,160.21,160.21,0.001389
0.0077942,1.1263e+05,605,47.693,47.693,5.7094e-06,108.15,108.15,0.00015147,158.09,158.09,0.0013974
0.0077942,1.13e+05,606,47.693,47.693,0.00010164,110.32,110.32,0.00079457,160.44,160.44,0.0028324
0.0077942,1.1337e+05,607,47.694,47.693,0.00019709,92.488,92.488,0.00024873,162.04,162.04,0.0002403
0.0077942,1.1375e+05,608,52.075,52.075,0.00027479,88.118,88.118,0.00042627,162.05,162.05,0.00016647
0.0077942,1.1412e+05,609,52.075,52.075,0.00027478,111.79,111.79,5.0404e-05,162.45,162.45,0.00052741
0.0077942,1.145e+05,610,52.075,52.075,0.00027478,97.853,97.852,0.00045022,162.06,162.06,0.0017523
0.0077942,1.1487e+05,611,52.075,52.076,0.00027478,81.135,81.135,8.722e-05,159.15,159.15,5.6284e-05
0.0077942,1.1525e+05,612,52.076,52.076,0.00027478,110.31,110.31,2.8978e-05,159.15,159.15,0.0050171
0.0077942,1.1563e+05,613,52.076,52.076,0.00027477,81.138,81.137,0.0004301,161.8,161.81,0.0038466
0.0077942,1.16e+05,614,52.076,52.077,0.00027477,81.139,81.139,0.00057992,161.81,161.81,0.0016834
0.0077942,1.1638e+05,615,52.077,52.077,0.00027477,83.213,83.213,3.0429e-05,160.87,160.87,0.001334
0.0077942,1.1676e+05,616,52.077,52.077,0.00027476,97.868,97.868,3.8803e-05,162.31,162.32,0.0038397
0.0077942,1.1714e+05,617,52.077,52.077,0.00027476,111.88,111.88,0.00031982,161.81,161.81,3.7221e-05
0.0077942,1.1752e+05,618,52.077,52.078,0.00027476,91.034,91.034,0.00041039,162.05,162.05,0.00098497
0.0077942,1.179e+05,619,52.078,52.078,0.00027476,110.34,110.34,0.00032035,162.06,162.06,0.00079441
0.0077942,1.1828e+05,620,52.078,52.078,0.00027475,97.863,97.863,0.00020033,157.61,157.61,0.00033496
0.0077942,1.1866e+05,621,52.078,52.078,0.00027475,87.581,87.581,0.00020636,158.7,158.7,0.0009972
0.0077942,1.1905e+05,622,52.078,52.079,0.00027475,77.372,77.373,0.00037901,160.9,160.91,0.001591
0.0077942,1.1943e+05,623,52.079,52.079,0.00027475,91.042,91.042,0.00037234,162.58,162.58,0.00042441
0.0077942,1.1981e+05,624,52.079,52.079,0.00027474,111.27,111.27,0.0004698,160.91,160.91,0.0026563
0.0077942,1.202e+05,625,52.079,52.08,0.00027474,76.132,76.133,5.7832e-05,162.46,162.46,0.00052436
0.0077942,1.2058e+05,626,52.08,52.08,0.00027474,111.89,111.89,6.0637e-05,158.08,158.08,0.00020689
0.0077942,1.2097e+05,627,52.08,52.08,0.00027474,94.958,94.957,0.00031353,161.27,161.28,0.0029595
0.0077942,1.2135e+05,628,52.08,52.08,0.00027473,102.55,102.55,7.3612e-05,160.56,160.55,0.0006546
0.0077942,1.2174e+05,629,52.08,52.081,0.00027473,101.68,101.68,4.6129e-05,161.28,161.28,0.00066412
0.0077942,1.2213e+05,630,52.081,52.081,0.00027473,110.01,110.01,0.00067678,158.09,158.1,0.002055
0.0077942,1.2252e+05,631,52.081,52.081,0.00027473,84.34,84.34,0.00012941,158.1,158.1,0.00094982
0.0077942,1.229e+05,632,52.081,52.081,0.00027472,110.98,110.98,0.00029596,159.85,159.85,0.0023249
0.0077942,1.2329e+05,633,50.15,50.151,0.00026859,110.99,110.99,0.0001117,159.31,159.31,0.0024837
0.0077942,1.2368e+05,634,50.151,50.151,0.00018287,90.679,90.68,0.00095313,162.59,162.58,0.0017975
0.0077942,1.2407e+05,635,50.151,50.151,9.7554e-05,90.681,90.68,0.00043516,158.76,158.76,0.00014897
0.0077942,1.2446e+05,636,50.151,50.151,1.264e-05,101.7,101.7,0.00026949,158.76,158.76,0.0039297
0.0077942,1.2486e+05,637,50.151,50.151,7.1876e-05,110.04,110.04,0.00083272,161.32,161.33,0.0018476
0.0077942,1.2525e+05,638,50.151,50.151,0.000156,111.9,111.9,0.00022421,161.33,161.33,0.0029374
0.0077942,1.2564e+05,639,50.152,50.152,0.00022141,81.168,81.168,0.00025203,158.75,158.76,0.0053587
0.0077942,1.2604e+05,640,50.152,50.152,0.00013807,95.581,95.581,0.00025128,158.76,158.76,0.0013685
0.0077942,1.2643e+05,641,50.152,50.152,5.5106e-05,82.496,82.497,0.00020641,157.7,157.7,0.00019333
0.0077942,1.2682e+05,642,50.152,50.152,2.7467e-05,73.334,73.334,0.00018211,159.29,159.29,0.0014186
0.0077942,1.2722e+05,643,50.152,50.152,8.9366e-05,73.335,73.335,0.00017539,159.3,159.3,0.00013439
0.0077942,1.2762e+05,644,50.152,50.152,7.5632e-06,111.87,111.87,0.00017057,157.49,157.49,0.00071695
0.0077942,1.2801e+05,645,50.152,50.152,7.3861e-05,82.5,82.5,0.00081336,160.22,160.22,0.00014286
0.0077942,1.2841e+05,646,50.153,50.152,0.00015491,107.03,107.03,6.2289e-05,160.23,160.23,0.00033647
0.0077942,1.2881e+05,647,50.153,50.153,0.00022547,111.61,111.61,7.8685e-05,161.29,161.29,2.5971e-05
0.0077942,1.2921e+05,648,50.153,50.153,0.00014516,94.968,94.969,0.0004478,160.24,160.24,0.0001609
0.0077942,1.2961e+05,649,50.153,50.153,6.5213e-05,94.97,94.97,0.00058668,160.65,160.65,0.0010665
0.0077942,1.3e+05,650,50.153,50.153,1.4363e-05,75.655,75.655,0.00062068,162.49,162.49,0.0025398
0.0077942,1.3041e+05,651,50.154,50.153,9.3573e-05,90.08,90.08,4.8938e-06,161.68,161.68,0.0001745
0.0077942,1.3081e+05,652,50.154,50.154,1.9278e-05,108.22,108.22,0.00014502,158.3,158.3,0.0005459
0.0077942,1.3121e+05,653,50.155,50.155,5.9222e-05,90.083,90.083,0.00011487,162.9,162.9,3.9283e-05
0.0077942,1.3161e+05,654,50.153,50.153,8.6817e-05,94.979,94.979,0.00027192,158.84,158.84,0.0021014
0.0077942,1.3201e+05,655,50.154,50.154,1.2627e-05,111.89,111.89,0.00058241,161.33,161.33,0.00010442
0.0077942,1.3242e+05,656,50.154,50.154,6.1225e-05,111.91,111.91,0.00022991,157.76,157.75,0.0032273
0.0077942,1.3282e+05,657,50.154,50.154,0.00013474,90.089,90.089,0.00031907,162.9,162.91,0.0020388
0.0077942,1.3322e+05,658,50.154,50.154,0.00020792,90.09,90.09,0.00059824,160.92,160.92,0.0008737
0.0077942,1.3363e+05,659,50.155,50.155,0.00013726,90.092,90.09,0.0015114,162.91,162.91,0.00049428
0.0077942,1.3404e+05,660,50.155,50.155,6.122e-05,108.25,108.25,0.00074344,157.55,157.55,0.00084065
0.0077942,1.3444e+05,661,50.156,50.156,1.4477e-05,108.25,108.25,0.000916,162.92,162.92,0.00014393
0.0077942,1.3485e+05,662,50.155,50.155,3.6457e-05,108.64,108.64,0.00034175,162.32,162.32,0.0016918
0.0077942,1.3526e+05,663,50.155,50.155,2.4609e-05,111.34,111.34,4.8099e-05,157.78,157.78,5.6241e-05
0.0077942,1.3567e+05,664,50.155,50.155,9.927e-05,101.25,101.25,6.6686e-05,162.85,162.85,1.1871e-06
0.0077942,1.3607e+05,665,50.155,50.155,0.0001736,71.028,71.028,6.4403e-05,162.06,162.06,0.00060412
0.0077942,1.3648e+05,666,50.155,50.155,0.00021327,101.26,101.26,0.00034117,162.49,162.49,0.0018226
0.0077942,1.3689e+05,667,50.155,50.155,0.0001396,74.32,74.32,3.1052e-06,162.5,162.5,0.00021399
0.0077942,1.373e+05,668,50.156,50.156,6.6257e-05,110.73,110.73,7.5496e-06,157.22,157.22,0.00082247
0.0077942,1.3772e+05,669,50.156,50.156,6.7562e-06,110.74,110.74,1.0582e-05,162.06,162.06,0.0017432
0.0077942,1.3813e+05,670,50.156,50.156,7.9444e-05,74.322,74.322,0.00036059,157.23,157.23,0.0017223
0.0077942,1.3854e+05,671,50.156,50.156,0.00015181,103.12,103.12,0.00010584,162.09,162.08,6.2294e-05
0.0077942,1.3895e+05,672,50.157,50.157,0.00011368,101.27,101.27,2.8147e-05,162.09,162.09,0.001693
0.0077942,1.3937e+05,673,50.157,50.157,4.5242e-05,102.66,102.66,0.00014867,162.32,162.32,0.00046151
0.0077942,1.3978e+05,674,50.157,50.157,2.289e-05,102.66,102.66,0.00088006,162.92,162.93,0.0015387
0.0077942,1.402e+05,675,50.157,50.157,9.072e-05,103.58,103.58,0.00027197,162.93,162.93,0.002085
0.0077942,1.4061e+05,676,50.158,50.157,0.00015825,70.261,70.262,0.00080305,161.81,161.81,0.00020744
0.0077942,1.4103e+05,677,50.158,50.158,0.00022548,103.58,103.58,5.619e-05,159.91,159.91,0.0016214
0.0077942,1.4145e+05,678,50.157,50.158,0.00020184,70.262,70.262,2.4039e-06,157.61,157.61,3.6826e-05
0.0077942,1.4186e+05,679,50.158,50.158,0.00013198,70.262,70.262,0.00038836,159.91,159.91,0.0016735
0.0077942,1.4228e+05,680,50.158,50.158,6.2429e-05,77.981,77.981,0.00029968,162.86,162.85,0.00015441
0.0077942,1.427e+05,681,50.158,50.158,6.819e-06,77.982,77.981,0.00025597,157.62,157.62,0.0011282
0.0077942,1.4312e+05,682,50.158,50.158,7.5763e-05,70.129,70.128,0.0001445,161.81,161.81,0.001217
0.0077942,1.4354e+05,683,50.158,50.158,0.00014441,81.848,81.848,3.7498e-05,157.27,157.27,0.0011986
0.0077942,1.4396e+05,684,50.159,50.158,0.00021275,103.6,103.6,8.0655e-05,157.27,157.27,0.0020114
0.0077942,1.4438e+05,685,52.093,52.093,0.0002746,107.48,107.48,4.3648e-06,158.3,158.3,0.0024874
0.0077942,1.448e+05,686,46.295,46.296,0.00021502,110.97,110.97,2.1477e-06,158.3,158.3,0.00045509
0.0077942,1.4523e+05,687,46.296,46.296,0.00015232,87.597,87.597,0.00010376,158.31,158.31,0.0013116
0.0077942,1.4565e+05,688,46.296,46.296,8.9898e-05,80.276,80.276,1.0555e-05,160.58,160.58,0.00012223
0.0077942,1.4607e+05,689,46.296,46.296,2.7746e-05,109.76,109.76,5.1015e-06,160.58,160.59,0.0011504
0.0077942,1.465e+05,690,46.296,46.296,1.2291e-05,109.76,109.76,0.00034832,157.88,157.87,0.0012633
0.0077942,1.4692e+05,691,46.296,46.296,4.9325e-05,111.67,111.67,6.1963e-05,157.88,157.87,0.0044525
0.0077942,1.4735e+05,692,46.296,46.296,0.00010082,111.67,111.67,2.4643e-05,159.48,159.48,0.0018285
0.0077942,1.4777e+05,693,46.296,46.296,3.9734e-05,107.5,107.5,0.0001525,157.3,157.3,7.966e-05
0.0077942,1.482e+05,694,46.296,46.296,2.1088e-05,97.441,97.442,0.00015694,162.85,162.85,3.9696e-05
0.0077942,1.4863e+05,695,46.296,46.296,3.5223e-05,80.281,80.281,0.00027592,161.57,161.56,0.0037952
0.0077942,1.4906e+05,696,46.297,46.296,9.5523e-05,97.445,97.445,0.00043891,158.99,158.99,0.0022032
0.0077942,1.4949e+05,697,46.91,46.91,7.0182e-05,97.447,97.446,0.00054887,158.99,158.99,0.0010526
0.0077942,1.4991e+05,698,46.91,46.91,9.0199e-06,101.75,101.75,0.00020364,157.32,157.32,0.0010031
0.0077942,1.5034e+05,699,46.91,46.91,5.188e-05,109.79,109.79,0.00022039,157.32,157.32,0.0018597
0.0077942,1.5077e+05,700,46.91,46.91,2.4919e-05,101.76,101.76,9.075e-05,162.93,162.94,0.00021782
0.0077942,1.5121e+05,701,46.91,46.91,3.5464e-05,104.51,104.51,6.358e-05,160.44,160.44,0.0013426
0.0077942,1.5164e+05,702,47.068,47.068,3.5667e-05,111.7,111.7,0.00052312,161.09,161.09,0.00069728
0.0077942,1.5207e+05,703,46.298,46.298,9.0498e-06,97.457,97.457,9.0765e-05,162.95,162.94,0.0022644
0.0077942,1.525e+05,704,46.91,46.91,3.9249e-05,110.46,110.46,0.00013166,158.99,158.99,0.00055498
0.0077942,1.5294e+05,705,47.068,47.068,1.024e-05,110.46,110.47,0.00043477,160.87,160.87,0.00038046
0.0077942,1.5337e+05,706,46.911,46.911,2.0296e-05,71.922,71.922,0.00029796,157.7,157.7,0.0017216
0.0077942,1.5381e+05,707,46.298,46.298,1.7206e-05,71.922,71.923,0.00017327,163.13,163.13,0.00071971
0.0077942,1.5424e+05,708,47.068,47.068,6.2477e-06,71.923,71.923,1.0016e-05,160.65,160.65,0.00085246
0.0077942,1.5468e+05,709,47.068,47.068,5.2429e-05,111.7,111.7,0.00021781,159.03,159.03,0.0024492
0.0077942,1.5511e+05,710,47.068,47.068,4.3502e-05,111.41,111.41,0.00023141,159.03,159.03,0.00026005
0.0077942,1.5555e+05,711,47.068,47.068,1.4685e-05,104.53,104.53,6.0454e-05,159.04,159.04,0.00097913
0.0077942,1.5599e+05,712,46.298,46.297,2.0039e-05,104.53,104.53,0.0012218,162.52,162.52,0.00040897
0.0077942,1.5643e+05,713,46.912,46.912,1.1622e-05,100.82,100.82,0.0001935,159.61,159.61,0.00076386
0.0077942,1.5687e+05,714,46.912,46.912,4.5537e-05,87.689,87.69,0.00054401,162.53,162.53,0.00017633
0.0077942,1.5731e+05,715,46.912,46.912,0.00010246,87.69,87.69,1.4856e-05,160.04,160.04,0.00165
0.0077942,1.5775e+05,716,49.434,49.435,7.8179e-05,87.691,87.69,0.00057138,160.04,160.04,0.0014815
0.0077942,1.5819e+05,717,49.435,49.435,1.8676e-05,87.692,87.693,0.00072685,161.56,161.56,0.00076202
0.0077942,1.5863e+05,718,47.07,47.07,1.0634e-05,109.07,109.07,2.6414e-07,159.03,159.03,0.0010625
0.0077942,1.5907e+05,719,46.912,46.912,1.4544e-05,87.694,87.693,0.00037466,162.95,162.95,0.00045249
0.0077942,1.5951e+05,720,46.912,46.912,7.0289e-05,111.44,111.44,0.00023331,157.38,157.38,0.0020454
0.0077942,1.5996e+05,721,46.911,46.912,9.686e-05,86.256,86.256,3.5819e-05,162.95,162.95,0.00018711
0.0077942,1.604e+05,722,46.912,46.912,4.1583e-05,112.25,112.25,6.3632e-06,158.53,158.53,0.00049821
0.0077942,1.6085e+05,723,46.912,46.912,1.3464e-05,100.84,100.84,0.00011,158.54,158.53,0.0016271
0.0077942,1.6129e+05,724,47.07,47.07,4.3285e-06,87.698,87.699,0.00019253,158.54,158.53,0.0043251
0.0077942,1.6174e+05,725,46.912,46.912,1.4506e-05,101.31,101.31,3.907e-06,157.39,157.4,0.0024299
0.0077942,1.6218e+05,726,46.299,46.299,2.0971e-05,82.523,82.523,0.0001525,157.4,157.4,3.3986e-06
0.0077942,1.6263e+05,727,49.436,49.436,1.0454e-05,112.25,112.25,0.00024539,161.33,161.33,0.00029201
0.0077942,1.6308e+05,728,47.07,47.07,5.5873e-06,109.08,109.08,0.00017064,161.33,161.33,0.0010939
0.0077942,1.6353e+05,729,47.07,47.07,4.8402e-05,82.525,82.525,5.1293e-05,162.53,162.53,0.0002675
0.0077942,1.6398e+05,730,47.07,47.07,5.2143e-05,86.264,86.264,0.00013805,162.53,162.53,0.0016824
0.0077942,1.6442e+05,731,47.07,47.07,1.4071e-06,86.265,86.264,0.00035475,158.56,158.56,0.00028324
0.0077942,1.6488e+05,732,47.07,47.07,5.4738e-05,82.527,82.528,0.00060314,160.96,160.96,0.00023077
0.0077942,1.6533e+05,733,49.436,49.436,5.4972e-05,82.528,82.528,8.0065e-05,159.61,159.61,0.0017287
0.0077942,1.6578e+05,734,49.437,49.437,5.0698e-07,94.531,94.531,0.00042623,159.61,159.61,0.00062387
0.0077942,1.6623e+05,735,49.437,49.437,5.5761e-05,94.532,94.532,0.0003341,159.62,159.62,0.00044347
0.0077942,1.6668e+05,736,49.437,49.437,0.00011079,101.32,101.32,0.00014567,157.78,157.78,0.00069778
0.0077942,1.6714e+05,737,50.706,50.706,6.29e-05,94.535,94.535,0.00033539,163.14,163.13,0.0025633
0.0077942,1.6759e+05,738,50.706,50.706,1.0767e-05,109.11,109.11,0.00010255,160.23,160.24,0.00078036
0.0077942,1.6804e+05,739,46.914,46.914,2.4972e-05,112.27,112.27,0.0002345,160.24,160.24,0.0020776
0.0077942,1.685e+05,740,46.914,46.914,2.6384e-05,112.27,112.27,0.00019797,157.43,157.43,0.0001453
0.0077942,1.6895e+05,741,46.914,46.914,7.7533e-05,70.157,70.158,0.0011514,161.72,161.72,0.00072235
0.0077942,1.6941e+05,742,46.914,46.914,0.00012848,107.94,107.94,0.00065501,161.72,161.73,0.0016212
0.0077942,1.6987e+05,743,47.071,47.071,0.00012619,70.158,70.158,0.0003222,161.73,161.73,0.00098195
0.0077942,1.7033e+05,744,47.071,47.071,7.5388e-05,70.158,70.158,1.705e-06,162.85,162.85,0.0017764
0.0077942,1.7078e+05,745,47.072,47.072,2.4787e-05,112.28,112.28,8.0813e-05,162.86,162.85,0.00136
0.0077942,1.7124e+05,746,47.072,47.072,2.5611e-05,112.28,112.28,0.0001488,162.96,162.96,0.00030225
0.0077942,1.717e+05,747,47.072,47.072,7.5807e-05,92.083,92.083,9.8623e-05,160.26,160.26,0.00060509
0.0077942,1.7216e+05,748,50.708,50.708,2.6067e-05,111.16,111.16,0.00017853,162.06,162.06,0.00060877
0.0077942,1.7262e+05,749,49.439,49.439,1.3852e-05,82.54,82.541,0.00059038,162.97,162.97,0.0013992
0.0077942,1.7308e+05,750,49.439,49.439,3.817e-05,92.086,92.086,3.5846e-07,159.15,159.15,0.002538
0.0077942,1.7355e+05,751,49.437,49.438,7.9533e-05,76.222,76.223,0.0005482,159.15,159.15,5.3575e-05
0.0077942,1.7401e+05,752,49.438,49.438,2.7935e-05,112.3,112.3,1.9074e-05,159.66,159.66,3.9494e-06
0.0077942,1.7447e+05,753,46.607,46.607,4.4528e-06,76.223,76.223,0.00039086,159.66,159.66,0.0026326
0.0077942,1.7493e+05,754,46.607,46.607,4.3523e-05,105.44,105.44,0.00028506,160.6,160.6,0.0032748
0.0077942,1.754e+05,755,46.607,46.607,8.8413e-06,107.97,107.97,5.0704e-05,160.6,160.6,0.00085016
0.0077942,1.7586e+05,756,46.607,46.607,3.8756e-05,89.141,89.142,0.00013689,160.61,160.6,0.001131
0.0077942,1.7633e+05,757,46.607,46.607,8.6165e-05,92.093,92.093,7.3412e-05,162.06,162.06,8.154e-06
0.0077942,1.768e+05,758,46.607,46.607,5.1332e-05,112.31,112.31,0.00069278,163.13,163.13,0.0016637
0.0077942,1.7726e+05,759,46.607,46.607,4.2964e-06,111.47,111.47,0.00033156,163.13,163.13,0.001332
0.0077942,1.7773e+05,760,49.439,49.439,4.4573e-06,111.18,111.18,0.00013955,159.15,159.15,0.0014986
0.0077942,1.782e+05,761,46.607,46.607,1.0921e-05,111.19,111.19,0.0010341,159.15,159.15,0.00098393
0.0077942,1.7867e+05,762,46.608,46.608,3.5562e-05,112.05,112.05,7.2692e-05,158.07,158.08,0.0020053
0.0077942,1.7914e+05,763,46.608,46.608,8.1864e-05,112.3,112.3,8.4037e-05,158.08,158.08,0.00034945
0.0077942,1.7961e+05,764,50.71,50.71,0.00012687,112.3,112.3,0.00024044,157.49,157.49,0.00066906
0.0077942,1.8008e+05,765,50.71,50.71,8.0039e-05,71.843,71.843,0.00021973,157.49,157.49,0.0029476
0.0077942,1.8055e+05,766,50.71,50.71,3.3386e-05,71.844,71.844,9.2239e-05,157.49,157.5,0.0021442
0.0077942,1.8102e+05,767,50.71,50.71,1.3085e-05,105.46,105.46,9.8853e-05,157.5,157.5,8.1514e-05
0.0077942,1.8149e+05,768,51.711,51.711,2.0374e-05,100.86,100.86,0.00018264,162.86,162.85,0.0002263
0.0077942,1.8196e+05,769,51.711,51.711,6.5162e-05,111.18,111.18,3.7229e-05,158.54,158.54,0.0027988
0.0077942,1.8244e+05,770,46.609,46.609,6.476e-05,100.87,100.87,0.00054242,158.54,158.54,0.00058155
0.0077942,1.8291e+05,771,46.609,46.609,1.9876e-05,100.87,100.87,0.00024534,158.54,158.54,5.9825e-05
0.0077942,1.8339e+05,772,46.609,46.609,2.4835e-05,111.5,111.5,0.00071058,161.81,161.81,0.0004952
0.0077942,1.8386e+05,773,46.609,46.609,6.9372e-05,100.87,100.87,0.0018117,157.87,157.87,0.00092401
0.0077942,1.8434e+05,774,46.609,46.609,0.00011374,71.846,71.844,0.0025445,161.73,161.73,4.0642e-05
0.0077942,1.8481e+05,775,49.44,49.44,9.7407e-05,111.77,111.78,0.0023645,162.14,162.13,0.0011132
0.0077942,1.8529e+05,776,49.441,49.441,5.0427e-05,111.78,111.78,0.001243,161.74,161.74,0.0011074
0.0077942,1.8577e+05,777,49.441,49.441,3.6279e-06,111.78,111.78,0.00012567,162.14,162.14,0.00033704
0.0077942,1.8625e+05,778,46.442,46.442,2.4146e-06,112.33,112.33,0.00045197,158.11,158.11,2.3658e-05
0.0077942,1.8673e+05,779,46.442,46.442,3.4088e-05,112.32,112.32,0.00014714,158.56,158.56,0.00021767
0.0077942,1.8721e+05,780,46.442,46.442,4.6873e-06,112.32,112.32,8.1096e-05,161.33,161.33,0.00024423
0.0077942,1.8769e+05,781,46.442,46.442,3.1537e-05,110.21,110.21,0.00017311,161.33,161.33,0.0022793
0.0077942,1.8817e+05,782,51.712,51.712,3.4961e-05,111.21,111.21,1.2968e-05,161.09,161.09,0.00091217
0.0077942,1.8865e+05,783,51.713,51.713,7.4828e-06,109.51,109.51,0.00047571,161.1,161.09,0.0015658
0.0077942,1.8913e+05,784,46.609,46.609,3.2398e-05,89.164,89.165,0.00091424,160.87,160.87,0.0021937
0.0077942,1.8961e+05,785,46.609,46.609,2.5191e-05,89.165,89.165,0.00046697,160.87,160.87,0.00023902
0.0077942,1.901e+05,786,50.932,50.932,2.0942e-06,100.4,100.4,1.0179e-05,162.14,162.14,3.3663e-05
0.0077942,1.9058e+05,787,51.712,51.712,1.6194e-05,89.166,89.166,0.00042247,158.7,158.7,0.0004092
0.0077942,1.9107e+05,788,51.712,51.712,2.5445e-05,103.51,103.51,0.00071944,162.98,162.98,0.00022756
0.0077942,1.9155e+05,789,51.713,51.712,6.6926e-05,100.4,100.4,6.0213e-05,160.24,160.24,0.00056416
0.0077942,1.9204e+05,790,51.713,51.713,0.00010825,89.169,89.169,0.00018862,161.35,161.35,0.00068942
0.0077942,1.9252e+05,791,51.713,51.713,0.00014942,89.169,89.169,0.00024856,162.99,162.99,0.00025275
0.0077942,1.9301e+05,792,51.713,51.713,0.00019043,111.81,111.81,0.00032252,161.35,161.35,0.00035779
0.0077942,1.935e+05,793,51.713,51.713,0.00023129,111.81,111.81,0.00072979,157.55,157.55,0.00049362
0.0077942,1.9399e+05,794,50.933,50.933,0.00020902,110.24,110.24,0.00033234,157.55,157.55,0.0015402
0.0077942,1.9448e+05,795,50.933,50.933,0.00016643,105.9,105.9,0.00037425,157.56,157.55,0.0035662
0.0077942,1.9497e+05,796,50.933,50.933,0.000124,105.91,105.9,0.00049389,157.21,157.22,0.0024764
0.0077942,1.9546e+05,797,50.933,50.934,8.1735e-05,89.174,89.174,0.00080593,157.22,157.22,0.00050392
0.0077942,1.9595e+05,798,50.934,50.934,3.9626e-05,105.91,105.91,1.3572e-05,157.93,157.93,8.8452e-05
0.0077942,1.9644e+05,799,50.934,50.934,2.3258e-06,89.175,89.175,4.4083e-05,157.22,157.22,6.4596e-05
0.0077942,1.9693e+05,800,50.934,50.934,4.4121e-05,89.176,89.175,0.0004667,163.42,163.42,0.0017723
0.0077942,1.9742e+05,801,46.444,46.444,2.47e-05,112.34,112.34,0.00055331,163.42,163.42,0.00036078
0.0077942,1.9792e+05,802,46.444,46.444,8.7616e-06,106.28,106.28,0.00024474,163.43,163.43,0.0014264
0.0077942,1.9841e+05,803,50.933,50.933,3.2417e-05,112.34,112.34,0.00015413,157.23,157.23,8.5636e-05
0.0077942,1.989e+05,804,46.61,46.61,2.637e-06,92.595,92.596,0.00065659,157.23,157.23,0.00032103
0.0077942,1.994e+05,805,51.715,51.715,2.8719e-05,92.596,92.596,0.00017527,159.85,159.85,0.00046656
0.0077942,1.999e+05,806,51.715,51.715,1.0214e-05,92.597,92.597,0.00030426,160.27,160.27,0.00064398
0.0077942,2.0039e+05,807,51.716,51.716,4.9002e-05,91.515,91.515,0.00017075,160.28,160.28,0.0013141
0.0077942,2.0089e+05,808,51.716,51.716,8.7647e-05,81.862,81.863,0.00034639,163.13,163.13,6.1592e-05
0.0077942,2.0139e+05,809,51.716,51.716,0.00012615,81.863,81.863,4.5767e-05,163.42,163.42,9.9872e-05
0.0077942,2.0188e+05,810,51.716,51.716,0.00016451,92.6,92.6,0.00010483,163.43,163.43,0.0001211
0.0077942,2.0238e+05,811,51.716,51.716,0.00020273,109.53,109.53,0.00032974,163.43,163.43,0.00087184
0.0077942,2.0288e+05,812,50.934,50.935,0.00022061,110.9,110.9,0.00069433,157.25,157.25,0.0019852
0.0077942,2.0338e+05,813,50.935,50.935,0.00018078,110.91,110.91,0.00025772,157.25,157.25,0.00012883
0.0077942,2.0388e+05,814,50.935,50.935,0.0001411,110.91,110.91,0.00048546,163.44,163.44,0.00043314
0.0077942,2.0438e+05,815,50.935,50.935,0.00010156,110.91,110.91,0.00045972,158.19,158.19,0.0002417
0.0077942,2.0489e+05,816,50.935,50.935,6.2166e-05,98.189,98.19,0.00068995,161.56,161.56,0.0019337
0.0077942,2.0539e+05,817,50.935,50.935,2.2918e-05,98.19,98.19,0.00015228,163.44,163.44,2.857e-05
0.0077942,2.0589e+05,818,50.935,50.935,1.6186e-05,97.022,97.022,0.00032718,163.44,163.44,0.0020273
0.0077942,2.064e+05,819,50.935,50.935,5.5148e-05,97.023,97.023,0.00026887,157.26,157.26,0.0040092
0.0077942,2.069e+05,820,50.936,50.936,3.7986e-05,92.608,92.608,0.00013138,157.26,157.26,0.0022039
0.0077942,2.074e+05,821,50.936,50.936,6.987e-07,98.191,98.191,4.5489e-05,157.26,157.26,0.00040539
0.0077942,2.0791e+05,822,50.936,50.936,3.9243e-05,97.026,97.026,0.00020771,162.99,162.99,0.00031316
0.0077942,2.0842e+05,823,50.936,50.936,7.7647e-05,108.4,108.4,7.3188e-06,160.44,160.44,0.0011328
0.0077942,2.0892e+05,824,50.937,50.936,0.00011591,97.027,97.027,0.00065454,159.31,159.31,0.00019787
0.0077942,2.0943e+05,825,51.717,51.717,0.00013521,109.56,109.56,2.4403e-05,163,163,0.00065501
0.0077942,2.0994e+05,826,51.717,51.717,9.9023e-05,111.83,111.83,0.00036217,157.27,157.27,9.3602e-05
0.0077942,2.1045e+05,827,51.717,51.717,6.2971e-05,111.83,111.83,0.00056388,157.27,157.27,0.0016686
0.0077942,2.1096e+05,828,51.717,51.717,2.7049e-05,110.06,110.06,0.00018198,162.57,162.57,0.00033073
0.0077942,2.1147e+05,829,51.717,51.717,8.7427e-06,110.93,110.93,0.00075933,157.62,157.62,0.00025693
0.0077942,2.1198e+05,830,51.716,51.716,1.383e-05,110.94,110.94,0.00013642,157.62,157.62,0.00057441
0.0077942,2.1249e+05,831,51.716,51.716,4.9354e-05,84.865,84.865,0.00043208,162.85,162.85,0.00060657
0.0077942,2.13e+05,832,51.716,51.716,8.475e-05,84.865,84.865,0.00011783,162.58,162.58,0.00055667
0.0077942,2.1351e+05,833,51.716,51.716,0.00012002,97.037,97.037,4.6208e-05,158.79,158.79,0.00078334
0.0077942,2.1403e+05,834,51.716,51.716,0.00015516,112.11,112.11,0.00030843,159.85,159.85,0.00027654
0.0077942,2.1454e+05,835,51.716,51.716,0.00019018,87.726,87.726,0.00013471,162.58,162.58,0.00050119
0.0077942,2.1505e+05,836,50.937,50.937,0.00018978,100.42,100.42,7.7418e-05,159.34,159.34,0.00028167
0.0077942,2.1557e+05,837,50.937,50.937,0.00015327,97.039,97.039,0.00016989,159.31,159.31,0.0003002
0.0077942,2.1608e+05,838,50.937,50.937,0.00011688,84.868,84.868,7.791e-05,160.99,160.99,3.7108e-05
0.0077942,2.166e+05,839,50.937,50.937,8.0624e-05,87.729,87.729,0.00035049,162.57,162.57,0.00040704
0.0077942,2.1712e+05,840,50.937,50.937,4.4498e-05,100.43,100.43,1.3211e-05,163.44,163.44,0.0001451
0.0077942,2.1763e+05,841,50.938,50.938,8.5e-06,87.73,87.73,0.00045716,160.99,160.99,0.00058671
0.0077942,2.1815e+05,842,50.938,50.938,2.737e-05,112.11,112.11,0.00075133,162.58,162.58,5.9777e-05
0.0077942,2.1867e+05,843,50.936,50.936,3.4321e-05,111.86,111.86,1.2989e-05,157.3,157.3,0.0011831
0.0077942,2.1919e+05,844,50.936,50.936,1.286e-06,94.578,94.578,7.5297e-07,162.58,162.58,5.1399e-05
0.0077942,2.1971e+05,845,50.936,50.936,3.6767e-05,112,112,7.639e-05,163.45,163.45,0.0016373
0.0077942,2.2023e+05,846,50.937,50.936,7.2122e-05,84.872,84.872,0.00011536,163.45,163.45,0.0034369
0.0077942,2.2075e+05,847,51.718,51.718,6.5591e-05,110.93,110.93,5.6736e-05,159.33,159.33,0.0032987
0.0077942,2.2127e+05,848,51.718,51.718,3.2149e-05,87.735,87.735,3.4873e-05,158.69,158.7,0.0016148
0.0077942,2.2179e+05,849,51.718,51.718,1.1747e-06,110.94,110.94,4.0148e-05,159.33,159.33,3.5293e-06
0.0077942,2.2232e+05,850,51.718,51.718,3.4381e-05,70.317,70.317,0.00031066,159.34,159.34,0.0010238
0.0077942,2.2284e+05,851,51.718,51.718,6.7471e-05,106.37,106.37,3.6073e-05,159.34,159.34,0.00061261
0.0077942,2.2336e+05,852,51.718,51.718,0.00010044,100.44,100.44,0.00048018,159.34,159.34,0.0022432
0.0077942,2.2389e+05,853,51.718,51.718,0.0001333,100.44,100.44,8.8861e-05,163.13,163.13,0.0011038
0.0077942,2.2441e+05,854,51.718,51.718,0.00016605,106.37,106.37,7.7648e-07,162.32,162.32,9.822e-05
0.0077942,2.2494e+05,855,50.937,50.938,0.00016826,109.92,109.92,0.00046421,163.45,163.45,2.9189e-05
0.0077942,2.2547e+05,856,50.937,50.938,0.00013413,109.92,109.93,0.00059908,162.86,162.85,0.0015467
0.0077942,2.2599e+05,857,50.938,50.938,0.00010011,109.93,109.93,0.00019115,159.95,159.95,0.0013249
0.0077942,2.2652e+05,858,50.938,50.938,6.6206e-05,83.246,83.246,0.00031484,159.95,159.95,2.8706e-05
0.0077942,2.2705e+05,859,50.938,50.938,3.2423e-05,83.246,83.246,9.5668e-05,163.45,163.45,0.00038619
0.0077942,2.2758e+05,860,50.938,50.938,1.2421e-06,85.817,85.817,0.00019663,159.95,159.95,5.6543e-05
0.0077942,2.2811e+05,861,50.938,50.938,3.479e-05,112.39,112.39,2.4496e-05,159.96,159.95,0.0016474
0.0077942,2.2864e+05,862,50.938,50.938,6.8222e-05,112.15,112.15,0.00037222,158.84,158.84,0.001456
0.0077942,2.2917e+05,863,50.938,50.938,0.00010154,112.4,112.39,0.00028279,158.84,158.84,0.00020127
0.0077942,2.297e+05,864,50.938,50.938,0.00013474,111.57,111.57,5.7147e-05,158.84,158.84,0.0018527
0.0077942,2.3023e+05,865,50.938,50.938,0.00016782,85.819,85.819,0.00022369,157.33,157.34,0.0029769
0.0077942,2.3076e+05,866,50.938,50.938,0.0002008,111.57,111.57,1.7472e-05,157.34,157.34,0.0014457
0.0077942,2.313e+05,867,50.939,50.938,0.00023365,110.96,110.96,0.00050641,157.34,157.34,8.0182e-05
0.0077942,2.3183e+05,868,50.939,50.938,0.0002664,106.39,106.39,0.00092102,162.32,162.32,0.0012652
0.0077942,2.3237e+05,869,52.119,52.12,0.00027435,106.39,106.39,0.00024408,157.34,157.34,0.0031159
0.0077942,2.329e+05,870,51.72,51.72,0.00025508,106.39,106.39,0.00043055,157.34,157.34,0.0046258
0.0077942,2.3344e+05,871,51.72,51.72,0.0002242,85.823,85.823,0.00053228,157.34,157.34,0.0061304
0.0077942,2.3397e+05,872,51.72,51.72,0.00019343,85.823,85.823,0.00019184,157.35,157.34,0.0076298
0.0077942,2.3451e+05,873,51.72,51.72,0.00016277,85.824,85.824,0.00014743,157.69,157.7,0.0070839
0.0077942,2.3505e+05,874,51.72,51.72,0.00013221,109.95,109.95,4.1801e-06,163.41,163.42,0.0054444
0.0077942,2.3559e+05,875,51.72,51.72,0.00010175,109.95,109.95,0.00074735,163.41,163.42,0.0034985
0.0077942,2.3612e+05,876,51.72,51.721,7.1401e-05,96.482,96.484,0.0011332,163.42,163.42,0.0015593
0.0077942,2.3666e+05,877,51.721,51.721,4.1153e-05,96.483,96.484,0.00047277,163.42,163.42,0.00037313
0.0077942,2.372e+05,878,51.721,51.721,1.1008e-05,96.484,96.484,0.00018537,157.7,157.7,0.00045314
0.0077942,2.3774e+05,879,51.721,51.721,1.9034e-05,96.485,96.484,0.00084127,160.87,160.87,0.0010769
0.0077942,2.3829e+05,880,51.721,51.721,4.8974e-05,99.949,99.95,0.0001371,160.87,160.87,0.0027818
0.0077942,2.3883e+05,881,51.721,51.721,7.8812e-05,106.39,106.39,0.00015802,158.3,158.3,0.0043864
0.0077942,2.3937e+05,882,51.721,51.721,0.00010855,112.42,112.42,5.5583e-05,158.3,158.3,0.0028726
0.0077942,2.3991e+05,883,51.721,51.721,0.00013819,102.63,102.63,0.00015567,158.3,158.3,0.001364
0.0077942,2.4046e+05,884,50.94,50.94,0.00011034,105.96,105.96,6.1912e-06,158.08,158.08,7.855e-06
0.0077942,2.41e+05,885,50.94,50.94,7.9438e-05,111.6,111.6,1.3734e-05,158.08,158.08,0.0014866
0.0077942,2.4155e+05,886,50.94,50.94,4.8638e-05,111.6,111.6,0.00076168,158.08,158.08,0.0029602
0.0077942,2.4209e+05,887,50.94,50.94,1.7942e-05,108.18,108.18,0.00027355,162.06,162.06,0.0018061
0.0077942,2.4264e+05,888,50.94,50.94,1.2651e-05,108.18,108.18,0.00074888,162.06,162.06,5.7835e-05
0.0077942,2.4318e+05,889,50.94,50.94,4.3141e-05,93.968,93.969,0.00029332,163.13,163.13,0.0016657
0.0077942,2.4373e+05,890,50.941,50.94,7.3528e-05,105.53,105.53,0.00010496,163.13,163.13,0.00015673
0.0077942,2.4428e+05,891,50.941,50.941,0.00010381,106.82,106.82,0.00046857,163.14,163.13,0.001973
0.0077942,2.4483e+05,892,50.941,50.941,0.000134,106.82,106.82,0.00016943,163.14,163.13,0.003783
0.0077942,2.4538e+05,893,50.941,50.941,0.00016408,105.53,105.53,0.00049086,160.44,160.44,0.0033864
0.0077942,2.4593e+05,894,50.941,50.941,0.00019406,105.53,105.53,0.00011754,160.44,160.44,0.0017938
0.0077942,2.4648e+05,895,50.941,50.941,0.00022394,106.82,106.82,8.5579e-05,160.44,160.44,0.00020672
0.0077942,2.4703e+05,896,50.941,50.941,0.00025373,106.82,106.82,0.00054401,161.56,161.56,0.00017836
0.0077942,2.4758e+05,897,52.122,52.122,0.00027432,106.82,106.82,0.0011715,161.33,161.33,3.3254e-05
0.0077942,2.4813e+05,898,52.122,52.122,0.00027432,96.486,96.487,0.00064216,161.09,161.09,0.00029861
0.0077942,2.4869e+05,899,52.122,52.122,0.00027432,96.487,96.487,6.1877e-05,163.46,163.46,0.00039192
0.0077942,2.4924e+05,900,52.122,52.123,0.00027432,105.98,105.98,0.00044822,159.96,159.96,0.00027689
0.0077942,2.4979e+05,901,52.122,52.123,0.00027432,105.98,105.98,0.00015499,159.96,159.96,0.0016601
0.0077942,2.5035e+05,902,52.122,52.123,0.00027431,89.683,89.683,0.00016831,163.46,163.47,0.0024923
0.0077942,2.509e+05,903,52.123,52.123,0.00027431,99.97,99.97,0.00040585,163.47,163.47,0.0010233
0.0077942,2.5146e+05,904,52.123,52.123,0.00027431,99.971,99.971,8.2879e-05,163.47,163.47,0.00044086
0.0077942,2.5202e+05,905,52.123,52.123,0.00027431,107.24,107.24,0.000547,163.47,163.47,0.0019001
0.0077942,2.5257e+05,906,52.123,52.123,0.00027431,107.24,107.24,0.00038118,163.47,163.47,0.0033545
0.0077942,2.5313e+05,907,52.123,52.123,0.00027431,89.685,89.686,6.7966e-05,157.39,157.4,0.0029563
0.0077942,2.5369e+05,908,52.123,52.123,0.00027431,89.941,89.941,0.00016755,163.42,163.42,0.0012221
0.0077942,2.5425e+05,909,52.123,52.123,0.00027431,99.975,99.975,0.00020397,157.4,157.4,0.00032815
0.0077942,2.5481e+05,910,52.123,52.123,0.00027431,75.046,75.046,2.4257e-05,157.4,157.4,0.00075016
0.0077942,2.5537e+05,911,52.123,52.124,0.00027431,105.55,105.55,5.71e-05,157.4,157.4,0.0020533
0.0077942,2.5593e+05,912,52.123,52.124,0.00027431,105.09,105.09,0.00018919,160.04,160.04,0.00058942
0.0077942,2.5649e+05,913,52.123,52.124,0.00027431,106.84,106.84,2.4372e-05,160.04,160.04,0.00087513
0.0077942,2.5705e+05,914,52.123,52.124,0.0002743,75.047,75.047,0.00015455,158.12,158.12,0.00018967
0.0077942,2.5762e+05,915,52.124,52.124,0.0002743,105.1,105.1,0.00036775,158.12,158.12,4.0462e-05
0.0077942,2.5818e+05,916,52.124,52.124,0.0002743,107.25,107.25,8.9344e-05,158.8,158.8,0.00094509
0.0077942,2.5874e+05,917,52.124,52.124,0.0002743,75.048,75.048,4.2659e-05,158.8,158.8,0.0022351
0.0077942,2.5931e+05,918,52.124,52.124,0.0002743,89.691,89.692,0.0001484,163.02,163.02,0.0025174
0.0077942,2.5987e+05,919,52.124,52.124,0.0002743,89.692,89.692,0.00018003,163.02,163.02,0.0011414
0.0077942,2.6044e+05,920,52.124,52.124,0.0002743,89.692,89.692,0.0005074,163.02,163.02,0.00023005
0.0077942,2.6101e+05,921,52.124,52.124,0.0002743,110.66,110.66,3.1119e-05,163.03,163.03,0.00064929
0.0077942,2.6157e+05,922,52.124,52.124,0.0002743,110.66,110.66,0.00061487,163.03,163.03,0.0020118
0.0077942,2.6214e+05,923,52.124,52.125,0.0002743,78.173,78.173,0.00038531,163.03,163.03,0.0027585
0.0077942,2.6271e+05,924,52.124,52.125,0.0002743,99.987,99.987,2.9127e-05,163.03,163.03,0.0014048
0.0077942,2.6328e+05,925,52.124,52.125,0.0002743,78.173,78.173,7.9779e-05,163.03,163.03,5.5576e-05
0.0077942,2.6385e+05,926,52.125,52.125,0.00027429,111.9,111.9,0.00013919,157.77,157.77,7.0302e-05
0.0077942,2.6442e+05,927,52.125,52.125,0.00027429,106.84,106.84,0.00052958,157.77,157.77,0.00064422
0.0077942,2.6499e+05,928,52.125,52.125,0.00027429,106.84,106.84,3.3118e-05,159.48,159.48,0.0017094
0.0077942,2.6556e+05,929,52.125,52.125,0.00027429,111.61,111.61,8.1196e-05,159.48,159.48,0.0003532
0.0077942,2.6613e+05,930,52.125,52.125,0.00027429,78.175,78.175,0.00010848,159.49,159.48,0.00099858
0.0077942,2.6671e+05,931,52.125,52.125,0.00027429,78.175,78.175,0.00033619,159.49,159.48,0.002346
0.0077942,2.6728e+05,932,52.125,52.125,0.00027429,111.05,111.05,5.4278e-06,161.77,161.77,0.0019071
0.0077942,2.6785e+05,933,52.125,52.125,0.00027429,75.671,75.672,0.00016608,161.77,161.77,0.00062863
0.0077942,2.6843e+05,934,52.125,52.125,0.00027429,75.672,75.672,7.3725e-05,161.78,161.78,1.5211e-05
0.0077942,2.69e+05,935,52.125,52.125,0.00027429,78.176,78.176,7.5275e-05,161.38,161.38,2.857e-05
0.0077942,2.6958e+05,936,52.125,52.126,0.00027429,78.177,78.177,0.0001488,157.43,157.43,0.00021416
0.0077942,2.7015e+05,937,52.125,52.126,0.00027429,78.177,78.177,0.00037216,157.43,157.43,0.00099063
0.0077942,2.7073e+05,938,52.125,52.126,0.00027428,78.177,78.177,0.0005948,161.78,161.78,0.00010113
0.0077942,2.7131e+05,939,52.126,52.126,0.00027428,78.178,78.177,0.00081674,161.39,161.39,0.00041715
0.0077942,2.7189e+05,940,52.126,52.126,0.00027428,108.86,108.86,0.00031665,157.78,157.78,0.00017956
0.0077942,2.7247e+05,941,52.126,52.126,0.00027428,108.86,108.86,0.00025958,163.47,163.47,0.00044883
0.0077942,2.7305e+05,942,52.126,52.126,0.00027428,110.68,110.68,0.00067976,163.47,163.47,0.00068068
0.0077942,2.7363e+05,943,52.126,52.126,0.00027428,110.68,110.68,7.5412e-05,160.64,160.64,0.00098057
0.0077942,2.7421e+05,944,52.126,52.126,0.00027428,108.87,108.87,1.2297e-05,163.71,163.71,3.8346e-05
0.0077942,2.7479e+05,945,52.126,52.126,0.00027428,79.446,79.446,2.7047e-05,160.64,160.64,0.00099862
0.0077942,2.7537e+05,946,52.126,52.126,0.00027428,109.98,109.98,1.3252e-06,163.48,163.48,0.00073952
0.0077942,2.7595e+05,947,52.126,52.126,0.00027428,79.446,79.446,0.0004187,160.65,160.65,0.00041934
0.0077942,2.7653e+05,948,52.126,52.127,0.00027428,104.66,104.66,0.0002173,158.84,158.84,0.00059357
0.0077942,2.7712e+05,949,52.126,52.127,0.00027428,109.98,109.98,0.00010788,159.48,159.48,0.0005517
0.0077942,2.777e+05,950,52.126,52.127,0.00027428,79.447,79.447,0.00015706,160.65,160.65,0.00025581
0.0077942,2.7829e+05,951,52.126,52.127,0.00027427,79.448,79.447,6.2663e-05,160.65,160.65,0.0015828
0.0077942,2.7887e+05,952,52.127,52.127,0.00027427,106.86,106.86,4.5901e-05,160.65,160.65,0.0029056
0.0077942,2.7946e+05,953,52.127,52.127,0.00027427,104.67,104.67,1.8487e-05,160.03,160.04,0.0037091
0.0077942,2.8005e+05,954,52.127,52.127,0.00027427,99.987,99.987,2.6214e-05,160.04,160.04,0.0024294
0.0077942,2.8063e+05,955,52.127,52.127,0.00027427,111.64,111.64,0.00016483,160.04,160.04,0.0011537
0.0077942,2.8122e+05,956,52.127,52.127,0.00027427,112.46,112.46,9.9949e-05,160.04,160.04,0.000118
0.0077942,2.8181e+05,957,52.127,52.127,0.00027427,112.47,112.47,1.7454e-05,161.81,161.81,0.00019151
0.0077942,2.824e+05,958,52.127,52.127,0.00027427,79.45,79.45,4.2044e-05,163.42,163.42,0.00076465
0.0077942,2.8299e+05,959,52.127,52.127,0.00027427,79.45,79.45,0.00025632,163.03,163.03,0.0010171
0.0077942,2.8358e+05,960,52.127,52.127,0.00027427,99.992,99.992,8.5887e-05,163.03,163.03,0.00018516
0.0077942,2.8417e+05,961,52.127,52.127,0.00027427,110.34,110.34,0.00028411,163.71,163.71,0.00031352
0.0077942,2.8476e+05,962,52.127,52.128,0.00027427,110.34,110.34,0.00084739,163.71,163.71,0.0011569
0.0077942,2.8535e+05,963,52.127,52.128,0.00027427,110.34,110.34,0.00039343,163.71,163.71,0.0026227
0.0077942,2.8595e+05,964,52.127,52.128,0.00027427,110.34,110.34,0.0001664,163.04,163.04,0.0021152
0.0077942,2.8654e+05,965,52.127,52.128,0.00027426,110.34,110.34,0.00072451,163.04,163.04,0.00093165
0.0077942,2.8714e+05,966,52.128,52.128,0.00027426,108.89,108.89,0.00021818,163.04,163.04,0.0002482
0.0077942,2.8773e+05,967,52.128,52.128,0.00027426,108.89,108.89,0.00031334,163.04,163.04,0.0014244
0.0077942,2.8833e+05,968,52.128,52.128,0.00027426,112.03,112.03,0.00054048,158.18,158.19,0.0021612
0.0077942,2.8892e+05,969,52.128,52.128,0.00027426,107.7,107.7,0.0011409,158.19,158.19,0.0010387
0.0077942,2.8952e+05,970,52.128,52.128,0.00027426,107.7,107.7,0.0006318,158.19,158.19,8.0275e-05
0.0077942,2.9012e+05,971,52.128,52.128,0.00027426,107.7,107.7,0.00012431,162.19,162.19,0.00097767
0.0077942,2.9071e+05,972,52.128,52.128,0.00027426,107.7,107.7,0.00038163,158.99,158.99,7.2871e-05
0.0077942,2.9131e+05,973,52.128,52.128,0.00027426,110.01,110.01,0.0001032,162.19,162.19,0.00054063
0.0077942,2.9191e+05,974,52.128,52.128,0.00027426,104.68,104.68,0.00030296,162.19,162.19,0.0016692
0.0077942,2.9251e+05,975,52.128,52.128,0.00027426,104.69,104.68,0.00075852,161.01,161.01,0.0010708
0.0077942,2.9311e+05,976,52.128,52.129,0.00027426,94.12,94.121,0.00054607,161.01,161.01,2.6065e-05
0.0077942,2.9371e+05,977,52.128,52.129,0.00027426,109.14,109.14,0.00015448,162.19,162.19,0.00029291
0.0077942,2.9431e+05,978,52.128,52.129,0.00027426,94.121,94.121,8.5667e-05,162.2,162.2,0.00082181
0.0077942,2.9492e+05,979,52.128,52.129,0.00027425,100,100,1.1939e-05,161.02,161.02,0.0013856
0.0077942,2.9552e+05,980,52.129,52.129,0.00027425,100.01,100,0.00037845,161.02,161.02,0.00030222
0.0077942,2.9612e+05,981,52.129,52.129,0.00027425,112.21,112.21,0.00033136,158.43,158.43,0.00050765
0.0077942,2.9673e+05,982,52.129,52.129,0.00027425,112.21,112.21,0.00022447,158.43,158.43,0.0016
0.0077942,2.9733e+05,983,52.129,52.129,0.00027425,107.25,107.25,0.00034169,158.43,158.43,0.002689
0.0077942,2.9794e+05,984,52.129,52.129,0.00027425,94.124,94.125,0.00019639,157.21,157.22,0.0034265
0.0077942,2.9854e+05,985,52.129,52.129,0.00027425,94.125,94.125,0.00011236,157.21,157.22,0.0023978
0.0077942,2.9915e+05,986,52.129,52.129,0.00027425,94.125,94.125,0.00042016,157.22,157.22,0.0013722
0.0077942,2.9976e+05,987,52.129,52.129,0.00027425,94.126,94.125,0.00072704,157.22,157.22,0.00034984
0.0077942,3.0036e+05,988,52.129,52.129,0.00027425,110.36,110.37,0.00038986,157.49,157.49,0.00059542
0.0077942,3.0097e+05,989,52.129,52.129,0.00027425,110.37,110.37,0.00012907,157.49,157.49,0.0016179
0.0077942,3.0158e+05,990,52.129,52.13,0.00027425,110.37,110.37,0.00064644,157.22,157.22,0.00065536
0.0077942,3.0219e+05,991,52.129,52.13,0.00027425,111.34,111.34,0.0011219,157.22,157.22,0.00035456
0.0077942,3.028e+05,992,52.129,52.13,0.00027425,111.34,111.34,0.00059473,157.22,157.22,0.0013614
0.0077942,3.0341e+05,993,52.129,52.13,0.00027425,111.34,111.34,6.9113e-05,157.22,157.22,0.0023652
0.0077942,3.0402e+05,994,52.13,52.13,0.00027424,108.1,108.1,9.9141e-05,163.13,163.13,0.0015261
0.0077942,3.0463e+05,995,52.13,52.13,0.00027424,111.34,111.34,7.1795e-05,163.13,163.13,0.0002353
0.0077942,3.0525e+05,996,52.13,52.13,0.00027424,111.34,111.34,0.00012834,163.13,163.13,0.0010516
0.0077942,3.0586e+05,997,52.13,52.13,0.00027424,103.55,103.55,4.8751e-05,157.5,157.5,0.0014884
0.0077942,3.0647e+05,998,52.13,52.13,0.00027424,108.1,108.1,6.5636e-05,157.5,157.5,0.00050471
0.0077942,3.0709e+05,999,52.13,52.13,0.00027424,111.34,111.34,0.00037608,157.5,157.5,0.00011849
0.0077942,3.077e+05,1000,52.13,52.13,0.00027424,94.132,94.133,0.00042124,162.86,162.85,0.00063269
